2026-06-07 20:56:33,460 [Worker 5] [INFO] Strategy: [Method 3] Force mode. Ignoring cache layer, hitting network for everything.
2026-06-07 20:56:42,792 [Worker 5] [INFO] [1/420] Progress: IMAZA (010206) -> FETCH SUCCESS
2026-06-07 20:56:44,486 [Worker 5] [INFO] [2/420] Progress: CUISPES (010303) -> FETCH SUCCESS
2026-06-07 20:56:46,499 [Worker 5] [INFO] [3/420] Progress: SAN CARLOS (010308) -> FETCH SUCCESS
2026-06-07 20:56:47,865 [Worker 5] [INFO] [4/420] Progress: BALSAS (010103) -> FETCH SUCCESS
2026-06-07 20:56:50,516 [Worker 5] [INFO] [5/420] Progress: GRANADA (010107) -> FETCH SUCCESS
2026-06-07 20:56:52,065 [Worker 5] [INFO] [6/420] Progress: MAGDALENA (010112) -> FETCH SUCCESS
2026-06-07 20:56:53,717 [Worker 5] [INFO] [7/420] Progress: QUINJALCA (010117) -> FETCH SUCCESS
2026-06-07 20:56:55,135 [Worker 5] [INFO] [8/420] Progress: EL CENEPA (010603) -> FETCH SUCCESS
2026-06-07 20:56:56,593 [Worker 5] [INFO] [9/420] Progress: COLCAMAR (010404) -> FETCH SUCCESS
2026-06-07 20:56:58,507 [Worker 5] [INFO] [10/420] Progress: LONYA CHICO (010408) -> FETCH SUCCESS
2026-06-07 20:57:00,107 [Worker 5] [INFO] [11/420] Progress: OCUMAL (010413) -> FETCH SUCCESS
2026-06-07 20:57:02,532 [Worker 5] [INFO] [12/420] Progress: SAN JERÓNIMO (010417) -> FETCH SUCCESS
2026-06-07 20:57:04,714 [Worker 5] [INFO] [13/420] Progress: TRITA (010422) -> FETCH SUCCESS
2026-06-07 20:57:06,812 [Worker 5] [INFO] [14/420] Progress: LONGAR (010506) -> FETCH SUCCESS
2026-06-07 20:57:08,300 [Worker 5] [INFO] [15/420] Progress: SANTA ROSA (010510) -> FETCH SUCCESS
2026-06-07 20:57:10,293 [Worker 5] [INFO] [16/420] Progress: CUMBA (010703) -> FETCH SUCCESS
2026-06-07 20:57:12,103 [Worker 5] [INFO] [17/420] Progress: AIJA (020201) -> FETCH SUCCESS
2026-06-07 20:57:13,700 [Worker 5] [INFO] [18/420] Progress: ACZO (021602) -> FETCH SUCCESS
2026-06-07 20:57:15,603 [Worker 5] [INFO] [19/420] Progress: SAN JUAN DE RONTOY (021606) -> FETCH SUCCESS
2026-06-07 20:57:17,540 [Worker 5] [INFO] [20/420] Progress: AQUIA (020304) -> FETCH SUCCESS
2026-06-07 20:57:19,629 [Worker 5] [INFO] [21/420] Progress: HUALLANCA (020325) -> FETCH SUCCESS
2026-06-07 20:57:28,006 [Worker 5] [INFO] [22/420] Progress: PACLLON (020315) -> FETCH SUCCESS
2026-06-07 20:57:37,941 [Worker 5] [INFO] [23/420] Progress: ANTA (020404) -> FETCH SUCCESS
2026-06-07 20:57:45,723 [Worker 5] [INFO] [24/420] Progress: SAN MIGUEL DE ACO (020408) -> FETCH SUCCESS
2026-06-07 20:57:54,039 [Worker 5] [INFO] [25/420] Progress: SAN NICOLÁS (021703) -> FETCH SUCCESS
2026-06-07 20:57:56,374 [Worker 5] [INFO] [26/420] Progress: YAUTAN (020505) -> FETCH SUCCESS
2026-06-07 20:57:58,610 [Worker 5] [INFO] [27/420] Progress: LA PAMPA (020605) -> FETCH SUCCESS
2026-06-07 20:58:00,231 [Worker 5] [INFO] [28/420] Progress: HUANCHAY (020105) -> FETCH SUCCESS
2026-06-07 20:58:02,544 [Worker 5] [INFO] [29/420] Progress: OLLEROS (020108) -> FETCH SUCCESS
2026-06-07 20:58:04,383 [Worker 5] [INFO] [30/420] Progress: ANRA (020816) -> FETCH SUCCESS
2026-06-07 20:58:06,246 [Worker 5] [INFO] [31/420] Progress: HUACHIS (020805) -> FETCH SUCCESS
2026-06-07 20:58:08,831 [Worker 5] [INFO] [32/420] Progress: PONTO (020810) -> FETCH SUCCESS
2026-06-07 20:58:10,462 [Worker 5] [INFO] [33/420] Progress: UCO (020815) -> FETCH SUCCESS
2026-06-07 20:58:18,528 [Worker 5] [INFO] [34/420] Progress: MALVAS (021904) -> FETCH SUCCESS
2026-06-07 20:58:20,571 [Worker 5] [INFO] [35/420] Progress: MATO (020705) -> FETCH SUCCESS
2026-06-07 20:58:22,382 [Worker 5] [INFO] [36/420] Progress: YURACMARCA (020709) -> FETCH SUCCESS
2026-06-07 20:58:24,365 [Worker 5] [INFO] [37/420] Progress: LLUMPA (020906) -> FETCH SUCCESS
2026-06-07 20:58:26,275 [Worker 5] [INFO] [38/420] Progress: CAJAMARQUILLA (022002) -> FETCH SUCCESS
2026-06-07 20:58:27,796 [Worker 5] [INFO] [39/420] Progress: OCROS (022007) -> FETCH SUCCESS
2026-06-07 20:58:30,076 [Worker 5] [INFO] [40/420] Progress: CABANA (021001) -> FETCH SUCCESS
2026-06-07 20:58:31,680 [Worker 5] [INFO] [41/420] Progress: LLAPO (021007) -> FETCH SUCCESS
2026-06-07 20:58:33,950 [Worker 5] [INFO] [42/420] Progress: HUAYLLAN (021102) -> FETCH SUCCESS
2026-06-07 20:58:35,694 [Worker 5] [INFO] [43/420] Progress: COTAPARACO (021202) -> FETCH SUCCESS
2026-06-07 20:58:42,112 [Worker 5] [INFO] [44/420] Progress: PARARIN (021206) -> FETCH SUCCESS
2026-06-07 20:58:43,991 [Worker 5] [INFO] [45/420] Progress: CHIMBOTE (021301) -> FETCH SUCCESS
2026-06-07 20:58:46,620 [Worker 5] [INFO] [46/420] Progress: NUEVO CHIMBOTE (021309) -> FETCH SUCCESS
2026-06-07 20:58:48,746 [Worker 5] [INFO] [47/420] Progress: CASHAPAMPA (021408) -> FETCH SUCCESS
2026-06-07 20:58:50,461 [Worker 5] [INFO] [48/420] Progress: SAN JUAN (021410) -> FETCH SUCCESS
2026-06-07 20:58:51,855 [Worker 5] [INFO] [49/420] Progress: MATACOTO (021504) -> FETCH SUCCESS
2026-06-07 20:58:53,819 [Worker 5] [INFO] [50/420] Progress: YUNGAY (021501) -> FETCH SUCCESS
2026-06-07 20:58:56,126 [Worker 5] [INFO] [51/420] Progress: HUANIPACA (030105) -> FETCH SUCCESS
2026-06-07 20:58:57,974 [Worker 5] [INFO] [52/420] Progress: ANDAHUAYLAS (030301) -> FETCH SUCCESS
2026-06-07 20:58:59,490 [Worker 5] [INFO] [53/420] Progress: HUAYANA (030317) -> FETCH SUCCESS
2026-06-07 20:59:01,397 [Worker 5] [INFO] [54/420] Progress: PACUCHA (030313) -> FETCH SUCCESS
2026-06-07 20:59:02,933 [Worker 5] [INFO] [55/420] Progress: SAN MIGUEL DE CHACCRAMPA (030318) -> FETCH SUCCESS
2026-06-07 20:59:04,327 [Worker 5] [INFO] [56/420] Progress: ANTABAMBA (030401) -> FETCH SUCCESS
2026-06-07 20:59:06,736 [Worker 5] [INFO] [57/420] Progress: PACHACONAS (030406) -> FETCH SUCCESS
2026-06-07 20:59:08,538 [Worker 5] [INFO] [58/420] Progress: CHAPIMARCA (030206) -> FETCH SUCCESS
2026-06-07 20:59:10,417 [Worker 5] [INFO] [59/420] Progress: LUCRE (030208) -> FETCH SUCCESS
2026-06-07 20:59:12,271 [Worker 5] [INFO] [60/420] Progress: TAPAIRIHUA (030212) -> FETCH SUCCESS
2026-06-07 20:59:21,872 [Worker 5] [INFO] [61/420] Progress: ANCO HUALLO (030705) -> FETCH SUCCESS
2026-06-07 20:59:23,400 [Worker 5] [INFO] [62/420] Progress: LOS CHANKAS (030711) -> FETCH SUCCESS
2026-06-07 20:59:25,169 [Worker 5] [INFO] [63/420] Progress: URANMARCA (030707) -> FETCH SUCCESS
2026-06-07 20:59:26,895 [Worker 5] [INFO] [64/420] Progress: MARA (030505) -> FETCH SUCCESS
2026-06-07 20:59:29,047 [Worker 5] [INFO] [65/420] Progress: GAMARRA (030605) -> FETCH SUCCESS
2026-06-07 20:59:30,993 [Worker 5] [INFO] [66/420] Progress: PROGRESO (030607) -> FETCH SUCCESS
2026-06-07 20:59:32,869 [Worker 5] [INFO] [67/420] Progress: VIRUNDO (030612) -> FETCH SUCCESS
2026-06-07 20:59:34,577 [Worker 5] [INFO] [68/420] Progress: CHARACATO (040104) -> FETCH SUCCESS
2026-06-07 20:59:36,807 [Worker 5] [INFO] [69/420] Progress: MARIANO MELGAR (040126) -> FETCH SUCCESS
2026-06-07 20:59:38,691 [Worker 5] [INFO] [70/420] Progress: POLOBAYA (040111) -> FETCH SUCCESS
2026-06-07 20:59:40,581 [Worker 5] [INFO] [71/420] Progress: SAN JUAN DE TARUCANI (040116) -> FETCH SUCCESS
2026-06-07 20:59:42,257 [Worker 5] [INFO] [72/420] Progress: UCHUMAYO (040121) -> FETCH SUCCESS
2026-06-07 20:59:44,405 [Worker 5] [INFO] [73/420] Progress: CAMANÁ (040301) -> FETCH SUCCESS
2026-06-07 20:59:45,532 [Worker 5] [INFO] [74/420] Progress: OCOÑA (040306) -> FETCH SUCCESS
2026-06-07 20:59:47,889 [Worker 5] [INFO] [75/420] Progress: ATIQUIPA (040404) -> FETCH SUCCESS
2026-06-07 20:59:50,022 [Worker 5] [INFO] [76/420] Progress: CHAPARRA (040408) -> FETCH SUCCESS
2026-06-07 20:59:51,988 [Worker 5] [INFO] [77/420] Progress: YAUCA (040413) -> FETCH SUCCESS
2026-06-07 20:59:53,812 [Worker 5] [INFO] [78/420] Progress: CHILCAYMARCA (040505) -> FETCH SUCCESS
2026-06-07 20:59:55,363 [Worker 5] [INFO] [79/420] Progress: PAMPACOLCA (040510) -> FETCH SUCCESS
2026-06-07 20:59:57,317 [Worker 5] [INFO] [80/420] Progress: ACHOMA (040202) -> FETCH SUCCESS
2026-06-07 20:59:58,977 [Worker 5] [INFO] [81/420] Progress: COPORAQUE (040206) -> FETCH SUCCESS
2026-06-07 21:00:01,609 [Worker 5] [INFO] [82/420] Progress: LLUTA (040211) -> FETCH SUCCESS
2026-06-07 21:00:03,862 [Worker 5] [INFO] [83/420] Progress: SIBAYO (040215) -> FETCH SUCCESS
2026-06-07 21:00:05,608 [Worker 5] [INFO] [84/420] Progress: ANDARAY (040602) -> FETCH SUCCESS
2026-06-07 21:00:07,503 [Worker 5] [INFO] [85/420] Progress: RÍO GRANDE (040608) -> FETCH SUCCESS
2026-06-07 21:00:09,282 [Worker 5] [INFO] [86/420] Progress: ISLAY (040704) -> FETCH SUCCESS
2026-06-07 21:00:10,536 [Worker 5] [INFO] [87/420] Progress: CHARCANA (040803) -> FETCH SUCCESS
2026-06-07 21:00:12,670 [Worker 5] [INFO] [88/420] Progress: QUECHUALLA (040807) -> FETCH SUCCESS
2026-06-07 21:00:22,161 [Worker 5] [INFO] [89/420] Progress: CANGALLO (050201) -> FETCH SUCCESS
2026-06-07 21:00:24,104 [Worker 5] [INFO] [90/420] Progress: TOTOS (050208) -> FETCH SUCCESS
2026-06-07 21:00:26,392 [Worker 5] [INFO] [91/420] Progress: CARMEN ALTO (050103) -> FETCH SUCCESS
2026-06-07 21:00:28,541 [Worker 5] [INFO] [92/420] Progress: QUINUA (050105) -> FETCH SUCCESS
2026-06-07 21:00:30,145 [Worker 5] [INFO] [93/420] Progress: TAMBILLO (050110) -> FETCH SUCCESS
2026-06-07 21:00:32,022 [Worker 5] [INFO] [94/420] Progress: SANTIAGO DE LUCANAMARCA (050803) -> FETCH SUCCESS
2026-06-07 21:00:33,729 [Worker 5] [INFO] [95/420] Progress: HUANTA (050301) -> FETCH SUCCESS
2026-06-07 21:00:36,088 [Worker 5] [INFO] [96/420] Progress: PUTIS (050314) -> FETCH SUCCESS
2026-06-07 21:00:37,476 [Worker 5] [INFO] [97/420] Progress: ANCO (050402) -> FETCH SUCCESS
2026-06-07 21:00:40,050 [Worker 5] [INFO] [98/420] Progress: NINABAMBA (050414) -> FETCH SUCCESS
2026-06-07 21:00:41,914 [Worker 5] [INFO] [99/420] Progress: SAN MIGUEL (050401) -> FETCH SUCCESS
2026-06-07 21:00:48,560 [Worker 5] [INFO] [100/420] Progress: CABANA (050503) -> FETCH SUCCESS
2026-06-07 21:00:50,008 [Worker 5] [INFO] [101/420] Progress: LARAMATE (050511) -> FETCH SUCCESS
2026-06-07 21:00:56,148 [Worker 5] [INFO] [102/420] Progress: OTOCA (050517) -> FETCH SUCCESS
2026-06-07 21:00:58,064 [Worker 5] [INFO] [103/420] Progress: SAN JUAN (050521) -> FETCH SUCCESS
2026-06-07 21:01:00,423 [Worker 5] [INFO] [104/420] Progress: CHUMPI (050605) -> FETCH SUCCESS
2026-06-07 21:01:01,719 [Worker 5] [INFO] [105/420] Progress: PUYUSCA (050612) -> FETCH SUCCESS
2026-06-07 21:01:03,878 [Worker 5] [INFO] [106/420] Progress: LAMPA (051004) -> FETCH SUCCESS
2026-06-07 21:01:06,109 [Worker 5] [INFO] [107/420] Progress: SAN JAVIER DE ALPABAMBA (051008) -> FETCH SUCCESS
2026-06-07 21:01:08,290 [Worker 5] [INFO] [108/420] Progress: CHILCAYOC (051110) -> FETCH SUCCESS
2026-06-07 21:01:10,146 [Worker 5] [INFO] [109/420] Progress: SAN PEDRO DE LARCAY (051107) -> FETCH SUCCESS
2026-06-07 21:01:12,112 [Worker 5] [INFO] [110/420] Progress: APONGO (050703) -> FETCH SUCCESS
2026-06-07 21:01:13,816 [Worker 5] [INFO] [111/420] Progress: HUALLA (050708) -> FETCH SUCCESS
2026-06-07 21:01:16,364 [Worker 5] [INFO] [112/420] Progress: VILCANCHOS (050714) -> FETCH SUCCESS
2026-06-07 21:01:18,308 [Worker 5] [INFO] [113/420] Progress: INDEPENDENCIA (050908) -> FETCH SUCCESS
2026-06-07 21:01:20,458 [Worker 5] [INFO] [114/420] Progress: CAJABAMBA (060201) -> FETCH SUCCESS
2026-06-07 21:01:22,104 [Worker 5] [INFO] [115/420] Progress: CHETILLA (060104) -> FETCH SUCCESS
2026-06-07 21:01:23,429 [Worker 5] [INFO] [116/420] Progress: LOS BAÑOS DEL INCA (060107) -> FETCH SUCCESS
2026-06-07 21:01:25,689 [Worker 5] [INFO] [117/420] Progress: CELENDÍN (060301) -> FETCH SUCCESS
2026-06-07 21:01:27,994 [Worker 5] [INFO] [118/420] Progress: JOSÉ GÁLVEZ (060306) -> FETCH SUCCESS
2026-06-07 21:01:30,391 [Worker 5] [INFO] [119/420] Progress: SUCRE (060310) -> FETCH SUCCESS
2026-06-07 21:01:32,543 [Worker 5] [INFO] [120/420] Progress: CHIGUIRIP (060606) -> FETCH SUCCESS
2026-06-07 21:01:34,071 [Worker 5] [INFO] [121/420] Progress: CONCHÁN (060604) -> FETCH SUCCESS
2026-06-07 21:01:36,023 [Worker 5] [INFO] [122/420] Progress: PACCHA (060612) -> FETCH SUCCESS
2026-06-07 21:01:37,473 [Worker 5] [INFO] [123/420] Progress: TOCMOCHE (060616) -> FETCH SUCCESS
2026-06-07 21:01:47,626 [Worker 5] [INFO] [124/420] Progress: SAN BENITO (060405) -> FETCH SUCCESS
2026-06-07 21:01:49,368 [Worker 5] [INFO] [125/420] Progress: CHOROS (060504) -> FETCH SUCCESS
2026-06-07 21:01:51,062 [Worker 5] [INFO] [126/420] Progress: QUEROCOTILLO (060507) -> FETCH SUCCESS
2026-06-07 21:01:53,534 [Worker 5] [INFO] [127/420] Progress: SANTO DOMINGO DE LA CAPILLA (060512) -> FETCH SUCCESS
2026-06-07 21:01:55,108 [Worker 5] [INFO] [128/420] Progress: CHUGUR (060702) -> FETCH SUCCESS
2026-06-07 21:01:57,397 [Worker 5] [INFO] [129/420] Progress: HUABAL (060812) -> FETCH SUCCESS
2026-06-07 21:01:59,708 [Worker 5] [INFO] [130/420] Progress: SALLIQUE (060807) -> FETCH SUCCESS
2026-06-07 21:02:01,180 [Worker 5] [INFO] [131/420] Progress: HUARANGO (061103) -> FETCH SUCCESS
2026-06-07 21:02:03,084 [Worker 5] [INFO] [132/420] Progress: TABACONAS (061107) -> FETCH SUCCESS
2026-06-07 21:02:04,744 [Worker 5] [INFO] [133/420] Progress: JOSÉ MANUEL QUIRÓZ (061204) -> FETCH SUCCESS
2026-06-07 21:02:06,607 [Worker 5] [INFO] [134/420] Progress: CATILLUC (061012) -> FETCH SUCCESS
2026-06-07 21:02:08,615 [Worker 5] [INFO] [135/420] Progress: NIEPOS (061006) -> FETCH SUCCESS
2026-06-07 21:02:10,942 [Worker 5] [INFO] [136/420] Progress: UNIÓN AGUA BLANCA (061010) -> FETCH SUCCESS
2026-06-07 21:02:13,297 [Worker 5] [INFO] [137/420] Progress: ANDABAMBA (060910) -> FETCH SUCCESS
2026-06-07 21:02:15,961 [Worker 5] [INFO] [138/420] Progress: PULÁN (060906) -> FETCH SUCCESS
2026-06-07 21:02:18,212 [Worker 5] [INFO] [139/420] Progress: YAUYUCAN (060909) -> FETCH SUCCESS
2026-06-07 21:02:20,664 [Worker 5] [INFO] [140/420] Progress: LA PUNTA (240103) -> FETCH SUCCESS
2026-06-07 21:02:29,279 [Worker 5] [INFO] [141/420] Progress: ACOS (070203) -> FETCH SUCCESS
2026-06-07 21:02:31,075 [Worker 5] [INFO] [142/420] Progress: ANCAHUASI (070309) -> FETCH SUCCESS
2026-06-07 21:02:32,959 [Worker 5] [INFO] [143/420] Progress: LIMATAMBO (070304) -> FETCH SUCCESS
2026-06-07 21:02:34,596 [Worker 5] [INFO] [144/420] Progress: COYA (070402) -> FETCH SUCCESS
2026-06-07 21:02:36,648 [Worker 5] [INFO] [145/420] Progress: TARAY (070407) -> FETCH SUCCESS
2026-06-07 21:02:38,841 [Worker 5] [INFO] [146/420] Progress: LAYO (070505) -> FETCH SUCCESS
2026-06-07 21:02:41,180 [Worker 5] [INFO] [147/420] Progress: CHECACUPE (070603) -> FETCH SUCCESS
2026-06-07 21:02:43,229 [Worker 5] [INFO] [148/420] Progress: SAN PEDRO (070607) -> FETCH SUCCESS
2026-06-07 21:02:44,836 [Worker 5] [INFO] [149/420] Progress: COLQUEMARCA (070703) -> FETCH SUCCESS
2026-06-07 21:02:46,822 [Worker 5] [INFO] [150/420] Progress: VELILLE (070708) -> FETCH SUCCESS
2026-06-07 21:02:48,861 [Worker 5] [INFO] [151/420] Progress: SAN SEBASTIÁN (070105) -> FETCH SUCCESS
2026-06-07 21:02:50,561 [Worker 5] [INFO] [152/420] Progress: CONDOROMA (070802) -> FETCH SUCCESS
2026-06-07 21:02:52,959 [Worker 5] [INFO] [153/420] Progress: PICHIGUA (070806) -> FETCH SUCCESS
2026-06-07 21:02:54,947 [Worker 5] [INFO] [154/420] Progress: INKAWASI (070911) -> FETCH SUCCESS
2026-06-07 21:02:57,125 [Worker 5] [INFO] [155/420] Progress: MEGANTONI (070915) -> FETCH SUCCESS
2026-06-07 21:02:58,968 [Worker 5] [INFO] [156/420] Progress: SANTA TERESA (070906) -> FETCH SUCCESS
2026-06-07 21:03:01,028 [Worker 5] [INFO] [157/420] Progress: ACCHA (071002) -> FETCH SUCCESS
2026-06-07 21:03:03,246 [Worker 5] [INFO] [158/420] Progress: PACCARITAMBO (071008) -> FETCH SUCCESS
2026-06-07 21:03:04,723 [Worker 5] [INFO] [159/420] Progress: CHALLABAMBA (071104) -> FETCH SUCCESS
2026-06-07 21:03:06,719 [Worker 5] [INFO] [160/420] Progress: ANDAHUAYLILLAS (071202) -> FETCH SUCCESS
2026-06-07 21:03:14,887 [Worker 5] [INFO] [161/420] Progress: HUARO (071207) -> FETCH SUCCESS
2026-06-07 21:03:17,195 [Worker 5] [INFO] [162/420] Progress: QUIQUIJANA (071212) -> FETCH SUCCESS
2026-06-07 21:03:19,094 [Worker 5] [INFO] [163/420] Progress: MARAS (071305) -> FETCH SUCCESS
2026-06-07 21:03:20,882 [Worker 5] [INFO] [164/420] Progress: ANDABAMBA (080203) -> FETCH SUCCESS
2026-06-07 21:03:22,698 [Worker 5] [INFO] [165/420] Progress: POMACOCHA (080207) -> FETCH SUCCESS
2026-06-07 21:03:24,875 [Worker 5] [INFO] [166/420] Progress: CHINCHO (080305) -> FETCH SUCCESS
2026-06-07 21:03:26,897 [Worker 5] [INFO] [167/420] Progress: LIRCAY (080301) -> FETCH SUCCESS
2026-06-07 21:03:28,811 [Worker 5] [INFO] [168/420] Progress: AURAHUA (080403) -> FETCH SUCCESS
2026-06-07 21:03:30,674 [Worker 5] [INFO] [169/420] Progress: HUACHOS (080409) -> FETCH SUCCESS
2026-06-07 21:03:32,658 [Worker 5] [INFO] [170/420] Progress: TANTARA (080427) -> FETCH SUCCESS
2026-06-07 21:03:35,475 [Worker 5] [INFO] [171/420] Progress: COSME (080711) -> FETCH SUCCESS
2026-06-07 21:03:37,712 [Worker 5] [INFO] [172/420] Progress: PAUCARBAMBA (080707) -> FETCH SUCCESS
2026-06-07 21:03:39,725 [Worker 5] [INFO] [173/420] Progress: ASCENSIÓN (080119) -> FETCH SUCCESS
2026-06-07 21:03:41,009 [Worker 5] [INFO] [174/420] Progress: HUANDO (080120) -> FETCH SUCCESS
2026-06-07 21:03:43,080 [Worker 5] [INFO] [175/420] Progress: MARISCAL CÁCERES (080112) -> FETCH SUCCESS
2026-06-07 21:03:44,737 [Worker 5] [INFO] [176/420] Progress: VILCA (080117) -> FETCH SUCCESS
2026-06-07 21:03:46,688 [Worker 5] [INFO] [177/420] Progress: HUAYTARA (080604) -> FETCH SUCCESS
2026-06-07 21:03:48,683 [Worker 5] [INFO] [178/420] Progress: QUITO-ARMA (080609) -> FETCH SUCCESS
2026-06-07 21:03:50,476 [Worker 5] [INFO] [179/420] Progress: SANTIAGO DE QUIRAHUARA (080614) -> FETCH SUCCESS
2026-06-07 21:03:51,904 [Worker 5] [INFO] [180/420] Progress: AHUAYCHA (080504) -> FETCH SUCCESS
2026-06-07 21:03:53,650 [Worker 5] [INFO] [181/420] Progress: HUACHOCOLPA (080511) -> FETCH SUCCESS
2026-06-07 21:03:56,108 [Worker 5] [INFO] [182/420] Progress: PAZOS (080517) -> FETCH SUCCESS
2026-06-07 21:03:58,108 [Worker 5] [INFO] [183/420] Progress: SALCABAMBA (080519) -> FETCH SUCCESS
2026-06-07 21:04:00,145 [Worker 5] [INFO] [184/420] Progress: TINTAY PUNCU (080525) -> FETCH SUCCESS
2026-06-07 21:04:01,741 [Worker 5] [INFO] [185/420] Progress: HUACAR (090205) -> FETCH SUCCESS
2026-06-07 21:04:03,457 [Worker 5] [INFO] [186/420] Progress: LA UNIÓN (090301) -> FETCH SUCCESS
2026-06-07 21:04:05,939 [Worker 5] [INFO] [187/420] Progress: SHUNQUI (090321) -> FETCH SUCCESS
2026-06-07 21:04:07,654 [Worker 5] [INFO] [188/420] Progress: HUACAYBAMBA (090901) -> FETCH SUCCESS
2026-06-07 21:04:09,940 [Worker 5] [INFO] [189/420] Progress: JIRCÁN (090405) -> FETCH SUCCESS
2026-06-07 21:04:12,389 [Worker 5] [INFO] [190/420] Progress: PUÑOS (090409) -> FETCH SUCCESS
2026-06-07 21:04:14,141 [Worker 5] [INFO] [191/420] Progress: CHURUBAMBA (090103) -> FETCH SUCCESS
2026-06-07 21:04:16,286 [Worker 5] [INFO] [192/420] Progress: SAN FRANCISCO DE CAYRÁN (090106) -> FETCH SUCCESS
2026-06-07 21:04:17,571 [Worker 5] [INFO] [193/420] Progress: YARUMAYO (090109) -> FETCH SUCCESS
2026-06-07 21:04:19,762 [Worker 5] [INFO] [194/420] Progress: RONDOS (091006) -> FETCH SUCCESS
2026-06-07 21:04:21,709 [Worker 5] [INFO] [195/420] Progress: HERMILIO VALDIZÁN (090603) -> FETCH SUCCESS
2026-06-07 21:04:23,552 [Worker 5] [INFO] [196/420] Progress: PUEBLO NUEVO (090609) -> FETCH SUCCESS
2026-06-07 21:04:25,903 [Worker 5] [INFO] [197/420] Progress: LA MORADA (090506) -> FETCH SUCCESS
2026-06-07 21:04:28,359 [Worker 5] [INFO] [198/420] Progress: PANAO (090701) -> FETCH SUCCESS
2026-06-07 21:04:30,612 [Worker 5] [INFO] [199/420] Progress: TOURNAVISTA (090804) -> FETCH SUCCESS
2026-06-07 21:04:32,713 [Worker 5] [INFO] [200/420] Progress: CHAVINILLO (091101) -> FETCH SUCCESS
2026-06-07 21:04:34,748 [Worker 5] [INFO] [201/420] Progress: ALTO LARAN (100209) -> FETCH SUCCESS
2026-06-07 21:04:36,642 [Worker 5] [INFO] [202/420] Progress: GROCIO PRADO (100205) -> FETCH SUCCESS
2026-06-07 21:04:39,151 [Worker 5] [INFO] [203/420] Progress: TAMBO DE MORA (100208) -> FETCH SUCCESS
2026-06-07 21:04:40,988 [Worker 5] [INFO] [204/420] Progress: PACHACUTEC (100113) -> FETCH SUCCESS
2026-06-07 21:04:43,068 [Worker 5] [INFO] [205/420] Progress: SAN JUAN BAUTISTA (100108) -> FETCH SUCCESS
2026-06-07 21:04:44,967 [Worker 5] [INFO] [206/420] Progress: CHANGUILLO (100302) -> FETCH SUCCESS
2026-06-07 21:04:46,857 [Worker 5] [INFO] [207/420] Progress: LLIPATA (100502) -> FETCH SUCCESS
2026-06-07 21:04:49,153 [Worker 5] [INFO] [208/420] Progress: HUANCANO (100402) -> FETCH SUCCESS
2026-06-07 21:04:51,134 [Worker 5] [INFO] [209/420] Progress: SAN ANDRÉS (100406) -> FETCH SUCCESS
2026-06-07 21:05:00,218 [Worker 5] [INFO] [210/420] Progress: PICHANAQUI (110805) -> FETCH SUCCESS
2026-06-07 21:05:07,393 [Worker 5] [INFO] [211/420] Progress: CHONGOS BAJO (110903) -> FETCH SUCCESS
2026-06-07 21:05:09,324 [Worker 5] [INFO] [212/420] Progress: SAN JUAN DE JARPA (110907) -> FETCH SUCCESS
2026-06-07 21:05:10,750 [Worker 5] [INFO] [213/420] Progress: CHAMBARA (110206) -> FETCH SUCCESS
2026-06-07 21:05:12,910 [Worker 5] [INFO] [214/420] Progress: MANZANARES (110208) -> FETCH SUCCESS
2026-06-07 21:05:20,384 [Worker 5] [INFO] [215/420] Progress: ORCOTUNA (110213) -> FETCH SUCCESS
2026-06-07 21:05:22,022 [Worker 5] [INFO] [216/420] Progress: CHICCHE (110107) -> FETCH SUCCESS
2026-06-07 21:05:24,582 [Worker 5] [INFO] [217/420] Progress: CULLHUAS (110105) -> FETCH SUCCESS
2026-06-07 21:05:25,914 [Worker 5] [INFO] [218/420] Progress: HUANCAYO (110101) -> FETCH SUCCESS
2026-06-07 21:05:27,917 [Worker 5] [INFO] [219/420] Progress: PILCOMAYO (110123) -> FETCH SUCCESS
2026-06-07 21:05:29,956 [Worker 5] [INFO] [220/420] Progress: SAN JERÓNIMO DE TUNÁN (110128) -> FETCH SUCCESS
2026-06-07 21:05:31,865 [Worker 5] [INFO] [221/420] Progress: VIQUES (110136) -> FETCH SUCCESS
2026-06-07 21:05:33,216 [Worker 5] [INFO] [222/420] Progress: CURICACA (110331) -> FETCH SUCCESS
2026-06-07 21:05:35,539 [Worker 5] [INFO] [223/420] Progress: JANJAILLO (110310) -> FETCH SUCCESS
2026-06-07 21:05:37,791 [Worker 5] [INFO] [224/420] Progress: MARCO (110314) -> FETCH SUCCESS
2026-06-07 21:05:39,532 [Worker 5] [INFO] [225/420] Progress: MUQUI (110318) -> FETCH SUCCESS
2026-06-07 21:05:41,478 [Worker 5] [INFO] [226/420] Progress: PARCO (110323) -> FETCH SUCCESS
2026-06-07 21:05:43,772 [Worker 5] [INFO] [227/420] Progress: SAUSA (110333) -> FETCH SUCCESS
2026-06-07 21:05:45,339 [Worker 5] [INFO] [228/420] Progress: CARHUAMAYO (110402) -> FETCH SUCCESS
2026-06-07 21:05:46,803 [Worker 5] [INFO] [229/420] Progress: LLAYLLA (110703) -> FETCH SUCCESS
2026-06-07 21:05:48,325 [Worker 5] [INFO] [230/420] Progress: RÍO TAMBO (110708) -> FETCH SUCCESS
2026-06-07 21:05:50,447 [Worker 5] [INFO] [231/420] Progress: HUASAHUASI (110504) -> FETCH SUCCESS
2026-06-07 21:05:52,230 [Worker 5] [INFO] [232/420] Progress: TAPO (110509) -> FETCH SUCCESS
2026-06-07 21:05:54,356 [Worker 5] [INFO] [233/420] Progress: MARCAPOMACOCHA (110604) -> FETCH SUCCESS
2026-06-07 21:05:56,787 [Worker 5] [INFO] [234/420] Progress: SUITUCANCHA (110608) -> FETCH SUCCESS
2026-06-07 21:05:58,123 [Worker 5] [INFO] [235/420] Progress: CHOCOPE (120803) -> FETCH SUCCESS
2026-06-07 21:06:00,468 [Worker 5] [INFO] [236/420] Progress: BAMBAMARCA (120202) -> FETCH SUCCESS
2026-06-07 21:06:02,259 [Worker 5] [INFO] [237/420] Progress: UCUNCHA (120205) -> FETCH SUCCESS
2026-06-07 21:06:08,614 [Worker 5] [INFO] [238/420] Progress: LUCMA (121102) -> FETCH SUCCESS
2026-06-07 21:06:10,253 [Worker 5] [INFO] [239/420] Progress: HUASO (121004) -> FETCH SUCCESS
2026-06-07 21:06:12,643 [Worker 5] [INFO] [240/420] Progress: LA CUESTA (120405) -> FETCH SUCCESS
2026-06-07 21:06:14,893 [Worker 5] [INFO] [241/420] Progress: SINSICAP (120410) -> FETCH SUCCESS
2026-06-07 21:06:23,517 [Worker 5] [INFO] [242/420] Progress: SAN JOSÉ (120508) -> FETCH SUCCESS
2026-06-07 21:06:25,411 [Worker 5] [INFO] [243/420] Progress: HUAYLILLAS (120604) -> FETCH SUCCESS
2026-06-07 21:06:27,389 [Worker 5] [INFO] [244/420] Progress: PIÁS (120610) -> FETCH SUCCESS
2026-06-07 21:06:29,623 [Worker 5] [INFO] [245/420] Progress: CHUGAY (120304) -> FETCH SUCCESS
2026-06-07 21:06:31,408 [Worker 5] [INFO] [246/420] Progress: SANAGORÁN (120306) -> FETCH SUCCESS
2026-06-07 21:06:33,252 [Worker 5] [INFO] [247/420] Progress: MOLLEBAMBA (120703) -> FETCH SUCCESS
2026-06-07 21:06:35,329 [Worker 5] [INFO] [248/420] Progress: SITABAMBA (120707) -> FETCH SUCCESS
2026-06-07 21:06:36,976 [Worker 5] [INFO] [249/420] Progress: LA ESPERANZA (120111) -> FETCH SUCCESS
2026-06-07 21:06:39,065 [Worker 5] [INFO] [250/420] Progress: SIMBAL (120106) -> FETCH SUCCESS
2026-06-07 21:06:41,193 [Worker 5] [INFO] [251/420] Progress: VIRÚ (121201) -> FETCH SUCCESS
2026-06-07 21:06:42,359 [Worker 5] [INFO] [252/420] Progress: ETEN PUERTO (130104) -> FETCH SUCCESS
2026-06-07 21:06:44,090 [Worker 5] [INFO] [253/420] Progress: NUEVA ARICA (130107) -> FETCH SUCCESS
2026-06-07 21:06:45,592 [Worker 5] [INFO] [254/420] Progress: POMALCA (130118) -> FETCH SUCCESS
2026-06-07 21:06:54,082 [Worker 5] [INFO] [255/420] Progress: TUMÁN (130120) -> FETCH SUCCESS
2026-06-07 21:06:55,413 [Worker 5] [INFO] [256/420] Progress: PITIPO (130204) -> FETCH SUCCESS
2026-06-07 21:07:05,503 [Worker 5] [INFO] [257/420] Progress: LAMBAYEQUE (130301) -> FETCH SUCCESS
2026-06-07 21:07:07,399 [Worker 5] [INFO] [258/420] Progress: PACORA (130309) -> FETCH SUCCESS
2026-06-07 21:07:09,850 [Worker 5] [INFO] [259/420] Progress: PARAMONGA (140902) -> FETCH SUCCESS
2026-06-07 21:07:12,069 [Worker 5] [INFO] [260/420] Progress: COPA (140205) -> FETCH SUCCESS
2026-06-07 21:07:13,491 [Worker 5] [INFO] [261/420] Progress: CANTA (140301) -> FETCH SUCCESS
2026-06-07 21:07:15,176 [Worker 5] [INFO] [262/420] Progress: SANTA ROSA DE QUIVES (140307) -> FETCH SUCCESS
2026-06-07 21:07:23,162 [Worker 5] [INFO] [263/420] Progress: COAYLLO (140404) -> FETCH SUCCESS
2026-06-07 21:07:25,430 [Worker 5] [INFO] [264/420] Progress: PACARAN (140410) -> FETCH SUCCESS
2026-06-07 21:07:27,011 [Worker 5] [INFO] [265/420] Progress: SAN VICENTE DE CAÑETE (140401) -> FETCH SUCCESS
2026-06-07 21:07:28,795 [Worker 5] [INFO] [266/420] Progress: CHANCAY (140805) -> FETCH SUCCESS
2026-06-07 21:07:30,599 [Worker 5] [INFO] [267/420] Progress: SAN MIGUEL DE ACOS (140809) -> FETCH SUCCESS
2026-06-07 21:07:32,890 [Worker 5] [INFO] [268/420] Progress: CALLAHUANCA (140603) -> FETCH SUCCESS
2026-06-07 21:07:34,475 [Worker 5] [INFO] [269/420] Progress: HUANZA (140608) -> FETCH SUCCESS
2026-06-07 21:07:36,324 [Worker 5] [INFO] [270/420] Progress: MATUCANA (140601) -> FETCH SUCCESS
2026-06-07 21:07:38,036 [Worker 5] [INFO] [271/420] Progress: SAN DAMIÁN (140617) -> FETCH SUCCESS
2026-06-07 21:07:40,035 [Worker 5] [INFO] [272/420] Progress: SAN MATEO (140621) -> FETCH SUCCESS
2026-06-07 21:07:41,933 [Worker 5] [INFO] [273/420] Progress: SANTA CRUZ DE COCACHACRA (140624) -> FETCH SUCCESS
2026-06-07 21:07:44,245 [Worker 5] [INFO] [274/420] Progress: SURCO (140629) -> FETCH SUCCESS
2026-06-07 21:07:45,588 [Worker 5] [INFO] [275/420] Progress: HUALMAY (140506) -> FETCH SUCCESS
2026-06-07 21:07:47,329 [Worker 5] [INFO] [276/420] Progress: SANTA MARÍA (140512) -> FETCH SUCCESS
2026-06-07 21:07:49,070 [Worker 5] [INFO] [277/420] Progress: BARRANCO (140125) -> FETCH SUCCESS
2026-06-07 21:07:51,531 [Worker 5] [INFO] [278/420] Progress: CIENEGUILLA (140139) -> FETCH SUCCESS
2026-06-07 21:07:53,359 [Worker 5] [INFO] [279/420] Progress: LA MOLINA (140110) -> FETCH SUCCESS
2026-06-07 21:07:55,373 [Worker 5] [INFO] [280/420] Progress: LURIGANCHO (140112) -> FETCH SUCCESS
2026-06-07 21:07:56,883 [Worker 5] [INFO] [281/420] Progress: PUCUSANA (140118) -> FETCH SUCCESS
2026-06-07 21:07:57,971 [Worker 5] [INFO] [282/420] Progress: RÍMAC (140122) -> FETCH SUCCESS
2026-06-07 21:07:59,514 [Worker 5] [INFO] [283/420] Progress: SAN JUAN DE MIRAFLORES (140136) -> FETCH SUCCESS
2026-06-07 21:08:01,599 [Worker 5] [INFO] [284/420] Progress: SANTA MARÍA DEL MAR (140128) -> FETCH SUCCESS
2026-06-07 21:08:03,134 [Worker 5] [INFO] [285/420] Progress: VILLA MARÍA DEL TRIUNFO (140132) -> FETCH SUCCESS
2026-06-07 21:08:10,567 [Worker 5] [INFO] [286/420] Progress: OYÓN (141001) -> FETCH SUCCESS
2026-06-07 21:08:12,724 [Worker 5] [INFO] [287/420] Progress: AZÁNGARO (140705) -> FETCH SUCCESS
2026-06-07 21:08:14,432 [Worker 5] [INFO] [288/420] Progress: COCHAS (140708) -> FETCH SUCCESS
2026-06-07 21:08:17,236 [Worker 5] [INFO] [289/420] Progress: HUANGASCAR (140713) -> FETCH SUCCESS
2026-06-07 21:08:18,982 [Worker 5] [INFO] [290/420] Progress: MADEAN (140731) -> FETCH SUCCESS
2026-06-07 21:08:20,473 [Worker 5] [INFO] [291/420] Progress: QUINOCAY (140721) -> FETCH SUCCESS
2026-06-07 21:08:22,044 [Worker 5] [INFO] [292/420] Progress: TOMÁS (140727) -> FETCH SUCCESS
2026-06-07 21:08:23,682 [Worker 5] [INFO] [293/420] Progress: BALSAPUERTO (150202) -> FETCH SUCCESS
2026-06-07 21:08:25,169 [Worker 5] [INFO] [294/420] Progress: YURIMAGUAS (150201) -> FETCH SUCCESS
2026-06-07 21:08:27,356 [Worker 5] [INFO] [295/420] Progress: MORONA (150705) -> FETCH SUCCESS
2026-06-07 21:08:36,921 [Worker 5] [INFO] [296/420] Progress: TROMPETEROS (150305) -> FETCH SUCCESS
2026-06-07 21:08:38,922 [Worker 5] [INFO] [297/420] Progress: SANTA ROSA DE LORETO (150605) -> FETCH SUCCESS
2026-06-07 21:08:40,886 [Worker 5] [INFO] [298/420] Progress: INDIANA (150110) -> FETCH SUCCESS
2026-06-07 21:08:42,832 [Worker 5] [INFO] [299/420] Progress: PUNCHANA (150111) -> FETCH SUCCESS
2026-06-07 21:08:45,360 [Worker 5] [INFO] [300/420] Progress: TENIENTE MANUEL CLAVERO (150903) -> FETCH SUCCESS
2026-06-07 21:08:47,643 [Worker 5] [INFO] [301/420] Progress: JENARO HERRERA (150410) -> FETCH SUCCESS
2026-06-07 21:08:49,691 [Worker 5] [INFO] [302/420] Progress: SOPLIN (150408) -> FETCH SUCCESS
2026-06-07 21:08:51,938 [Worker 5] [INFO] [303/420] Progress: PADRE MÁRQUEZ (150503) -> FETCH SUCCESS
2026-06-07 21:08:53,890 [Worker 5] [INFO] [304/420] Progress: HUEPETUHE (160204) -> FETCH SUCCESS
2026-06-07 21:08:55,835 [Worker 5] [INFO] [305/420] Progress: TAHUAMANÚ (160303) -> FETCH SUCCESS
2026-06-07 21:08:57,578 [Worker 5] [INFO] [306/420] Progress: CHOJATA (170203) -> FETCH SUCCESS
2026-06-07 21:08:59,649 [Worker 5] [INFO] [307/420] Progress: MATALAQUE (170207) -> FETCH SUCCESS
2026-06-07 21:09:01,979 [Worker 5] [INFO] [308/420] Progress: YUNGA (170211) -> FETCH SUCCESS
2026-06-07 21:09:03,311 [Worker 5] [INFO] [309/420] Progress: CUCHUMBAYA (170103) -> FETCH SUCCESS
2026-06-07 21:09:05,750 [Worker 5] [INFO] [310/420] Progress: TORATA (170105) -> FETCH SUCCESS
2026-06-07 21:09:08,065 [Worker 5] [INFO] [311/420] Progress: SANTA ANA DE TUSI (180206) -> FETCH SUCCESS
2026-06-07 21:09:10,171 [Worker 5] [INFO] [312/420] Progress: CONSTITUCIÓN (180308) -> FETCH SUCCESS
2026-06-07 21:09:11,933 [Worker 5] [INFO] [313/420] Progress: PUERTO BERMÚDEZ (180304) -> FETCH SUCCESS
2026-06-07 21:09:13,913 [Worker 5] [INFO] [314/420] Progress: HUAYLLAY (180105) -> FETCH SUCCESS
2026-06-07 21:09:15,834 [Worker 5] [INFO] [315/420] Progress: SIMÓN BOLÍVAR (180110) -> FETCH SUCCESS
2026-06-07 21:09:17,544 [Worker 5] [INFO] [316/420] Progress: AYABACA (190201) -> FETCH SUCCESS
2026-06-07 21:09:19,376 [Worker 5] [INFO] [317/420] Progress: PACAIPAMPA (190205) -> FETCH SUCCESS
2026-06-07 21:09:21,691 [Worker 5] [INFO] [318/420] Progress: CANCHAQUE (190302) -> FETCH SUCCESS
2026-06-07 21:09:23,282 [Worker 5] [INFO] [319/420] Progress: SAN MIGUEL DE EL FAIQUE (190307) -> FETCH SUCCESS
2026-06-07 21:09:25,557 [Worker 5] [INFO] [320/420] Progress: CHULUCANAS (190401) -> FETCH SUCCESS
2026-06-07 21:09:27,811 [Worker 5] [INFO] [321/420] Progress: SANTA CATALINA DE MOSSA (190406) -> FETCH SUCCESS
2026-06-07 21:09:30,144 [Worker 5] [INFO] [322/420] Progress: COLÁN (190505) -> FETCH SUCCESS
2026-06-07 21:09:31,881 [Worker 5] [INFO] [323/420] Progress: CASTILLA (190103) -> FETCH SUCCESS
2026-06-07 21:09:33,212 [Worker 5] [INFO] [324/420] Progress: LAS LOMAS (190107) -> FETCH SUCCESS
2026-06-07 21:09:34,645 [Worker 5] [INFO] [325/420] Progress: BELLAVISTA DE LA UNIÓN (190804) -> FETCH SUCCESS
2026-06-07 21:09:36,082 [Worker 5] [INFO] [326/420] Progress: VICE (190802) -> FETCH SUCCESS
2026-06-07 21:09:38,125 [Worker 5] [INFO] [327/420] Progress: MIGUEL CHECA (190605) -> FETCH SUCCESS
2026-06-07 21:09:40,230 [Worker 5] [INFO] [328/420] Progress: LA BREA (190703) -> FETCH SUCCESS
2026-06-07 21:09:42,080 [Worker 5] [INFO] [329/420] Progress: ACHAYA (200202) -> FETCH SUCCESS
2026-06-07 21:09:44,107 [Worker 5] [INFO] [330/420] Progress: CHUPA (200206) -> FETCH SUCCESS
2026-06-07 21:09:46,421 [Worker 5] [INFO] [331/420] Progress: SAN ANTON (200213) -> FETCH SUCCESS
2026-06-07 21:09:48,722 [Worker 5] [INFO] [332/420] Progress: AJOYANI (200302) -> FETCH SUCCESS
2026-06-07 21:09:51,340 [Worker 5] [INFO] [333/420] Progress: ITUATA (200307) -> FETCH SUCCESS
2026-06-07 21:09:53,012 [Worker 5] [INFO] [334/420] Progress: DESAGUADERO (200402) -> FETCH SUCCESS
2026-06-07 21:09:55,404 [Worker 5] [INFO] [335/420] Progress: POMATA (200407) -> FETCH SUCCESS
2026-06-07 21:09:57,196 [Worker 5] [INFO] [336/420] Progress: PILCUYO (201202) -> FETCH SUCCESS
2026-06-07 21:09:59,770 [Worker 5] [INFO] [337/420] Progress: INCHUPALLA (200504) -> FETCH SUCCESS
2026-06-07 21:10:01,167 [Worker 5] [INFO] [338/420] Progress: CABANILLA (200602) -> FETCH SUCCESS
2026-06-07 21:10:07,022 [Worker 5] [INFO] [339/420] Progress: PALCA (200606) -> FETCH SUCCESS
2026-06-07 21:10:09,087 [Worker 5] [INFO] [340/420] Progress: ANTAUTA (200702) -> FETCH SUCCESS
2026-06-07 21:10:10,978 [Worker 5] [INFO] [341/420] Progress: NUÑOA (200706) -> FETCH SUCCESS
2026-06-07 21:10:12,295 [Worker 5] [INFO] [342/420] Progress: HUAYRAPATA (201304) -> FETCH SUCCESS
2026-06-07 21:10:13,818 [Worker 5] [INFO] [343/420] Progress: ATUNCOLLA (200103) -> FETCH SUCCESS
2026-06-07 21:10:15,756 [Worker 5] [INFO] [344/420] Progress: MAÑAZO (200108) -> FETCH SUCCESS
2026-06-07 21:10:18,167 [Worker 5] [INFO] [345/420] Progress: SAN ANTONIO (200111) -> FETCH SUCCESS
2026-06-07 21:10:20,100 [Worker 5] [INFO] [346/420] Progress: PUTINA (201101) -> FETCH SUCCESS
2026-06-07 21:10:21,573 [Worker 5] [INFO] [347/420] Progress: LIMBANI (200804) -> FETCH SUCCESS
2026-06-07 21:10:23,717 [Worker 5] [INFO] [348/420] Progress: SAN JUAN DEL ORO (200808) -> FETCH SUCCESS
2026-06-07 21:10:25,819 [Worker 5] [INFO] [349/420] Progress: CARACOTO (200904) -> FETCH SUCCESS
2026-06-07 21:10:27,759 [Worker 5] [INFO] [350/420] Progress: CUTURAPI (201005) -> FETCH SUCCESS
2026-06-07 21:10:29,020 [Worker 5] [INFO] [351/420] Progress: ALTO BIAVO (210704) -> FETCH SUCCESS
2026-06-07 21:10:30,534 [Worker 5] [INFO] [352/420] Progress: SAN RAFAEL (210702) -> FETCH SUCCESS
2026-06-07 21:10:31,722 [Worker 5] [INFO] [353/420] Progress: SHATOJA (211003) -> FETCH SUCCESS
2026-06-07 21:10:33,835 [Worker 5] [INFO] [354/420] Progress: SAPOSOA (210201) -> FETCH SUCCESS
2026-06-07 21:10:35,984 [Worker 5] [INFO] [355/420] Progress: CUÑUMBUQUI (210305) -> FETCH SUCCESS
2026-06-07 21:10:38,083 [Worker 5] [INFO] [356/420] Progress: SHANAO (210311) -> FETCH SUCCESS
2026-06-07 21:10:39,875 [Worker 5] [INFO] [357/420] Progress: JUANJUI (210401) -> FETCH SUCCESS
2026-06-07 21:10:41,722 [Worker 5] [INFO] [358/420] Progress: JEPELACIO (210104) -> FETCH SUCCESS
2026-06-07 21:10:43,815 [Worker 5] [INFO] [359/420] Progress: CASPISAPA (210903) -> FETCH SUCCESS
2026-06-07 21:10:45,494 [Worker 5] [INFO] [360/420] Progress: SAN HILARIÓN (210907) -> FETCH SUCCESS
2026-06-07 21:10:47,394 [Worker 5] [INFO] [361/420] Progress: ELÍAS SOPLÍN VARGAS (210506) -> FETCH SUCCESS
2026-06-07 21:10:48,783 [Worker 5] [INFO] [362/420] Progress: SAN FERNANDO (210507) -> FETCH SUCCESS
2026-06-07 21:10:50,729 [Worker 5] [INFO] [363/420] Progress: CHAZUTA (210606) -> FETCH SUCCESS
2026-06-07 21:10:52,680 [Worker 5] [INFO] [364/420] Progress: LA BANDA DE SHILCAYO (210621) -> FETCH SUCCESS
2026-06-07 21:10:54,419 [Worker 5] [INFO] [365/420] Progress: SHAPAJA (210620) -> FETCH SUCCESS
2026-06-07 21:11:02,235 [Worker 5] [INFO] [366/420] Progress: SHUNTE (210804) -> FETCH SUCCESS
2026-06-07 21:11:10,597 [Worker 5] [INFO] [367/420] Progress: CANDARAVE (220401) -> FETCH SUCCESS
2026-06-07 21:11:12,580 [Worker 5] [INFO] [368/420] Progress: ITE (220302) -> FETCH SUCCESS
2026-06-07 21:11:14,384 [Worker 5] [INFO] [369/420] Progress: CORONEL GREGORIO ALBARRACÍN LANCHIPA (220113) -> FETCH SUCCESS
2026-06-07 21:11:21,559 [Worker 5] [INFO] [370/420] Progress: POCOLLAY (220109) -> FETCH SUCCESS
2026-06-07 21:11:24,122 [Worker 5] [INFO] [371/420] Progress: HÉROES ALBARRACÍN (220205) -> FETCH SUCCESS
2026-06-07 21:11:26,156 [Worker 5] [INFO] [372/420] Progress: TICACO (220213) -> FETCH SUCCESS
2026-06-07 21:11:28,552 [Worker 5] [INFO] [373/420] Progress: LA CRUZ (230103) -> FETCH SUCCESS
2026-06-07 21:11:29,664 [Worker 5] [INFO] [374/420] Progress: AGUAS VERDES (230304) -> FETCH SUCCESS
2026-06-07 21:11:30,980 [Worker 5] [INFO] [375/420] Progress: SEPAHUA (250304) -> FETCH SUCCESS
2026-06-07 21:11:33,481 [Worker 5] [INFO] [376/420] Progress: IPARÍA (250105) -> FETCH SUCCESS
2026-06-07 21:11:35,110 [Worker 5] [INFO] [377/420] Progress: ALEXANDER VON HUMBOLDT (250205) -> FETCH SUCCESS
2026-06-07 21:11:36,549 [Worker 5] [INFO] [378/420] Progress: NESHUYA (250204) -> FETCH SUCCESS
2026-06-07 21:11:38,626 [Worker 5] [INFO] [379/420] Progress: NAIROBI (910401) -> FETCH SUCCESS
2026-06-07 21:11:41,002 [Worker 5] [INFO] [380/420] Progress: BUENOS AIRES (920202) -> FETCH SUCCESS
2026-06-07 21:11:42,853 [Worker 5] [INFO] [381/420] Progress: LA RIOJA (920226) -> FETCH SUCCESS
2026-06-07 21:11:52,273 [Worker 5] [INFO] [382/420] Progress: SAN LUIS (920219) -> FETCH SUCCESS
2026-06-07 21:11:54,107 [Worker 5] [INFO] [383/420] Progress: BRASILIA (920503) -> FETCH SUCCESS
2026-06-07 21:11:56,251 [Worker 5] [INFO] [384/420] Progress: PORTO ALEGRE (920506) -> FETCH SUCCESS
2026-06-07 21:12:10,952 [Worker 5] [INFO] [385/420] Progress: ALBERTA (920608) -> FETCH SUCCESS
2026-06-07 21:12:12,343 [Worker 5] [INFO] [386/420] Progress: WINNIPEG (920605) -> FETCH SUCCESS
2026-06-07 21:12:14,092 [Worker 5] [INFO] [387/420] Progress: IQUIQUE (921005) -> FETCH SUCCESS
2026-06-07 21:12:16,120 [Worker 5] [INFO] [388/420] Progress: BUCARAMANGA (920709) -> FETCH SUCCESS
2026-06-07 21:12:18,386 [Worker 5] [INFO] [389/420] Progress: PASTO (920717) -> FETCH SUCCESS
2026-06-07 21:12:20,266 [Worker 5] [INFO] [390/420] Progress: LOJA (921102) -> FETCH SUCCESS
2026-06-07 21:12:22,583 [Worker 5] [INFO] [391/420] Progress: BOSTON (921303) -> FETCH SUCCESS
2026-06-07 21:12:25,247 [Worker 5] [INFO] [392/420] Progress: HARTFORD (921385) -> FETCH SUCCESS
2026-06-07 21:12:27,396 [Worker 5] [INFO] [393/420] Progress: NUEVA ORLEANS (921318) -> FETCH SUCCESS
2026-06-07 21:12:29,626 [Worker 5] [INFO] [394/420] Progress: SALT LAKE CITY (921374) -> FETCH SUCCESS
2026-06-07 21:12:31,703 [Worker 5] [INFO] [395/420] Progress: WASHINGTON D. C. (921331) -> FETCH SUCCESS
2026-06-07 21:12:33,042 [Worker 5] [INFO] [396/420] Progress: GUADALAJARA (921901) -> FETCH SUCCESS
2026-06-07 21:12:35,281 [Worker 5] [INFO] [397/420] Progress: PANAMÁ (922101) -> FETCH SUCCESS
2026-06-07 21:12:37,227 [Worker 5] [INFO] [398/420] Progress: SANTO DOMINGO (922401) -> FETCH SUCCESS
2026-06-07 21:12:39,378 [Worker 5] [INFO] [399/420] Progress: DOHA (933801) -> FETCH SUCCESS
2026-06-07 21:12:48,185 [Worker 5] [INFO] [400/420] Progress: JAKARTA (931101) -> FETCH SUCCESS
2026-06-07 21:12:49,516 [Worker 5] [INFO] [401/420] Progress: GUNMA (930721) -> FETCH SUCCESS
2026-06-07 21:12:51,641 [Worker 5] [INFO] [402/420] Progress: OKINAWA (930704) -> FETCH SUCCESS
2026-06-07 21:12:53,727 [Worker 5] [INFO] [403/420] Progress: AMMAN (931302) -> FETCH SUCCESS
2026-06-07 21:12:55,249 [Worker 5] [INFO] [404/420] Progress: BEIJING (PEKIN) (930201) -> FETCH SUCCESS
2026-06-07 21:12:57,299 [Worker 5] [INFO] [405/420] Progress: BANGKOK (931001) -> FETCH SUCCESS
2026-06-07 21:12:59,347 [Worker 5] [INFO] [406/420] Progress: BREMEN (940203) -> FETCH SUCCESS
2026-06-07 21:13:01,189 [Worker 5] [INFO] [407/420] Progress: VIENA (940302) -> FETCH SUCCESS
2026-06-07 21:13:08,254 [Worker 5] [INFO] [408/420] Progress: MINSK (943601) -> FETCH SUCCESS
2026-06-07 21:13:10,407 [Worker 5] [INFO] [409/420] Progress: LAS PALMAS (940909) -> FETCH SUCCESS
2026-06-07 21:13:12,404 [Worker 5] [INFO] [410/420] Progress: SALAMANCA (940905) -> FETCH SUCCESS
2026-06-07 21:13:14,502 [Worker 5] [INFO] [411/420] Progress: ZARAGOZA (940917) -> FETCH SUCCESS
2026-06-07 21:13:16,446 [Worker 5] [INFO] [412/420] Progress: MARSELLA (941106) -> FETCH SUCCESS
2026-06-07 21:13:17,778 [Worker 5] [INFO] [413/420] Progress: LUXEMBURGO (942001) -> FETCH SUCCESS
2026-06-07 21:13:19,165 [Worker 5] [INFO] [414/420] Progress: BOLONIA (941701) -> FETCH SUCCESS
2026-06-07 21:13:21,054 [Worker 5] [INFO] [415/420] Progress: MILÁN (941706) -> FETCH SUCCESS
2026-06-07 21:13:23,103 [Worker 5] [INFO] [416/420] Progress: TURÍN (941711) -> FETCH SUCCESS
2026-06-07 21:13:29,144 [Worker 5] [INFO] [417/420] Progress: LISBOA (942502) -> FETCH SUCCESS
2026-06-07 21:13:31,397 [Worker 5] [INFO] [418/420] Progress: MOSCÚ (942901) -> FETCH SUCCESS
2026-06-07 21:13:32,935 [Worker 5] [INFO] [419/420] Progress: GINEBRA (942803) -> FETCH SUCCESS
2026-06-07 21:13:34,099 [Worker 5] [INFO] [420/420] Progress: SÍDNEY (950105) -> FETCH SUCCESS
2026-06-07 21:13:34,099 [Worker 5] [INFO] Atomic update finalized. Data safely committed.
2026-06-07 21:26:26,358 [Worker 5] [INFO] Strategy: [Method 2] Bypassing exactly 100% items. Updating active counts.
2026-06-07 21:26:27,942 [Worker 5] [INFO] [1/420] Progress: IMAZA (010206) -> FETCH SUCCESS
2026-06-07 21:26:29,436 [Worker 5] [INFO] [2/420] Progress: CUISPES (010303) -> FETCH SUCCESS
2026-06-07 21:26:31,327 [Worker 5] [INFO] [3/420] Progress: SAN CARLOS (010308) -> FETCH SUCCESS
2026-06-07 21:26:32,416 [Worker 5] [INFO] [4/420] Progress: BALSAS (010103) -> FETCH SUCCESS
2026-06-07 21:26:34,504 [Worker 5] [INFO] [5/420] Progress: GRANADA (010107) -> FETCH SUCCESS
2026-06-07 21:26:36,193 [Worker 5] [INFO] [7/420] Progress: QUINJALCA (010117) -> FETCH SUCCESS
2026-06-07 21:26:37,951 [Worker 5] [INFO] [8/420] Progress: EL CENEPA (010603) -> FETCH SUCCESS
2026-06-07 21:26:40,298 [Worker 5] [INFO] [9/420] Progress: COLCAMAR (010404) -> FETCH SUCCESS
2026-06-07 21:26:42,358 [Worker 5] [INFO] [10/420] Progress: LONYA CHICO (010408) -> FETCH SUCCESS
2026-06-07 21:26:43,538 [Worker 5] [INFO] [11/420] Progress: OCUMAL (010413) -> FETCH SUCCESS
2026-06-07 21:26:45,725 [Worker 5] [INFO] [12/420] Progress: SAN JERÓNIMO (010417) -> FETCH SUCCESS
2026-06-07 21:26:47,730 [Worker 5] [INFO] [13/420] Progress: TRITA (010422) -> FETCH SUCCESS
2026-06-07 21:26:50,023 [Worker 5] [INFO] [14/420] Progress: LONGAR (010506) -> FETCH SUCCESS
2026-06-07 21:26:51,564 [Worker 5] [INFO] [15/420] Progress: SANTA ROSA (010510) -> FETCH SUCCESS
2026-06-07 21:26:58,283 [Worker 5] [INFO] [16/420] Progress: CUMBA (010703) -> FETCH SUCCESS
2026-06-07 21:26:59,811 [Worker 5] [INFO] [17/420] Progress: AIJA (020201) -> FETCH SUCCESS
2026-06-07 21:27:01,741 [Worker 5] [INFO] [18/420] Progress: ACZO (021602) -> FETCH SUCCESS
2026-06-07 21:27:04,027 [Worker 5] [INFO] [19/420] Progress: SAN JUAN DE RONTOY (021606) -> FETCH SUCCESS
2026-06-07 21:27:05,159 [Worker 5] [INFO] [20/420] Progress: AQUIA (020304) -> FETCH SUCCESS
2026-06-07 21:27:06,940 [Worker 5] [INFO] [21/420] Progress: HUALLANCA (020325) -> FETCH SUCCESS
2026-06-07 21:27:08,120 [Worker 5] [INFO] [22/420] Progress: PACLLON (020315) -> FETCH SUCCESS
2026-06-07 21:27:09,826 [Worker 5] [INFO] [23/420] Progress: ANTA (020404) -> FETCH SUCCESS
2026-06-07 21:27:10,966 [Worker 5] [INFO] [24/420] Progress: SAN MIGUEL DE ACO (020408) -> FETCH SUCCESS
2026-06-07 21:27:12,189 [Worker 5] [INFO] [25/420] Progress: SAN NICOLÁS (021703) -> FETCH SUCCESS
2026-06-07 21:27:14,003 [Worker 5] [INFO] [26/420] Progress: YAUTAN (020505) -> FETCH SUCCESS
2026-06-07 21:27:16,241 [Worker 5] [INFO] [27/420] Progress: LA PAMPA (020605) -> FETCH SUCCESS
2026-06-07 21:27:18,062 [Worker 5] [INFO] [28/420] Progress: HUANCHAY (020105) -> FETCH SUCCESS
2026-06-07 21:27:19,933 [Worker 5] [INFO] [29/420] Progress: OLLEROS (020108) -> FETCH SUCCESS
2026-06-07 21:27:21,304 [Worker 5] [INFO] [30/420] Progress: ANRA (020816) -> FETCH SUCCESS
2026-06-07 21:27:22,927 [Worker 5] [INFO] [31/420] Progress: HUACHIS (020805) -> FETCH SUCCESS
2026-06-07 21:27:24,613 [Worker 5] [INFO] [32/420] Progress: PONTO (020810) -> FETCH SUCCESS
2026-06-07 21:27:26,087 [Worker 5] [INFO] [33/420] Progress: UCO (020815) -> FETCH SUCCESS
2026-06-07 21:27:27,255 [Worker 5] [INFO] [34/420] Progress: MALVAS (021904) -> FETCH SUCCESS
2026-06-07 21:27:28,676 [Worker 5] [INFO] [35/420] Progress: MATO (020705) -> FETCH SUCCESS
2026-06-07 21:27:29,721 [Worker 5] [INFO] [36/420] Progress: YURACMARCA (020709) -> FETCH SUCCESS
2026-06-07 21:27:31,379 [Worker 5] [INFO] [37/420] Progress: LLUMPA (020906) -> FETCH SUCCESS
2026-06-07 21:27:32,800 [Worker 5] [INFO] [38/420] Progress: CAJAMARQUILLA (022002) -> FETCH SUCCESS
2026-06-07 21:27:34,909 [Worker 5] [INFO] [39/420] Progress: OCROS (022007) -> FETCH SUCCESS
2026-06-07 21:27:36,306 [Worker 5] [INFO] [40/420] Progress: CABANA (021001) -> FETCH SUCCESS
2026-06-07 21:27:37,440 [Worker 5] [INFO] [41/420] Progress: LLAPO (021007) -> FETCH SUCCESS
2026-06-07 21:27:39,637 [Worker 5] [INFO] [42/420] Progress: HUAYLLAN (021102) -> FETCH SUCCESS
2026-06-07 21:27:40,803 [Worker 5] [INFO] [43/420] Progress: COTAPARACO (021202) -> FETCH SUCCESS
2026-06-07 21:27:42,308 [Worker 5] [INFO] [44/420] Progress: PARARIN (021206) -> FETCH SUCCESS
2026-06-07 21:27:43,509 [Worker 5] [INFO] [45/420] Progress: CHIMBOTE (021301) -> FETCH SUCCESS
2026-06-07 21:27:45,471 [Worker 5] [INFO] [46/420] Progress: NUEVO CHIMBOTE (021309) -> FETCH SUCCESS
2026-06-07 21:27:47,135 [Worker 5] [INFO] [47/420] Progress: CASHAPAMPA (021408) -> FETCH SUCCESS
2026-06-07 21:27:48,380 [Worker 5] [INFO] [48/420] Progress: SAN JUAN (021410) -> FETCH SUCCESS
2026-06-07 21:27:50,236 [Worker 5] [INFO] [50/420] Progress: YUNGAY (021501) -> FETCH SUCCESS
2026-06-07 21:27:52,257 [Worker 5] [INFO] [51/420] Progress: HUANIPACA (030105) -> FETCH SUCCESS
2026-06-07 21:27:54,589 [Worker 5] [INFO] [52/420] Progress: ANDAHUAYLAS (030301) -> FETCH SUCCESS
2026-06-07 21:27:57,061 [Worker 5] [INFO] [53/420] Progress: HUAYANA (030317) -> FETCH SUCCESS
2026-06-07 21:27:59,309 [Worker 5] [INFO] [54/420] Progress: PACUCHA (030313) -> FETCH SUCCESS
2026-06-07 21:28:00,746 [Worker 5] [INFO] [55/420] Progress: SAN MIGUEL DE CHACCRAMPA (030318) -> FETCH SUCCESS
2026-06-07 21:28:02,162 [Worker 5] [INFO] [56/420] Progress: ANTABAMBA (030401) -> FETCH SUCCESS
2026-06-07 21:28:03,942 [Worker 5] [INFO] [57/420] Progress: PACHACONAS (030406) -> FETCH SUCCESS
2026-06-07 21:28:05,761 [Worker 5] [INFO] [58/420] Progress: CHAPIMARCA (030206) -> FETCH SUCCESS
2026-06-07 21:28:06,868 [Worker 5] [INFO] [59/420] Progress: LUCRE (030208) -> FETCH SUCCESS
2026-06-07 21:28:08,623 [Worker 5] [INFO] [60/420] Progress: TAPAIRIHUA (030212) -> FETCH SUCCESS
2026-06-07 21:28:10,025 [Worker 5] [INFO] [61/420] Progress: ANCO HUALLO (030705) -> FETCH SUCCESS
2026-06-07 21:28:11,879 [Worker 5] [INFO] [62/420] Progress: LOS CHANKAS (030711) -> FETCH SUCCESS
2026-06-07 21:28:13,331 [Worker 5] [INFO] [63/420] Progress: URANMARCA (030707) -> FETCH SUCCESS
2026-06-07 21:28:14,749 [Worker 5] [INFO] [64/420] Progress: MARA (030505) -> FETCH SUCCESS
2026-06-07 21:28:16,750 [Worker 5] [INFO] [65/420] Progress: GAMARRA (030605) -> FETCH SUCCESS
2026-06-07 21:28:18,049 [Worker 5] [INFO] [66/420] Progress: PROGRESO (030607) -> FETCH SUCCESS
2026-06-07 21:28:20,119 [Worker 5] [INFO] [67/420] Progress: VIRUNDO (030612) -> FETCH SUCCESS
2026-06-07 21:28:21,666 [Worker 5] [INFO] [68/420] Progress: CHARACATO (040104) -> FETCH SUCCESS
2026-06-07 21:28:23,290 [Worker 5] [INFO] [69/420] Progress: MARIANO MELGAR (040126) -> FETCH SUCCESS
2026-06-07 21:28:24,670 [Worker 5] [INFO] [70/420] Progress: POLOBAYA (040111) -> FETCH SUCCESS
2026-06-07 21:28:33,900 [Worker 5] [INFO] [71/420] Progress: SAN JUAN DE TARUCANI (040116) -> FETCH SUCCESS
2026-06-07 21:28:35,467 [Worker 5] [INFO] [72/420] Progress: UCHUMAYO (040121) -> FETCH SUCCESS
2026-06-07 21:28:36,810 [Worker 5] [INFO] [73/420] Progress: CAMANÁ (040301) -> FETCH SUCCESS
2026-06-07 21:28:37,843 [Worker 5] [INFO] [74/420] Progress: OCOÑA (040306) -> FETCH SUCCESS
2026-06-07 21:28:39,605 [Worker 5] [INFO] [75/420] Progress: ATIQUIPA (040404) -> FETCH SUCCESS
2026-06-07 21:28:41,653 [Worker 5] [INFO] [76/420] Progress: CHAPARRA (040408) -> FETCH SUCCESS
2026-06-07 21:28:42,938 [Worker 5] [INFO] [77/420] Progress: YAUCA (040413) -> FETCH SUCCESS
2026-06-07 21:28:44,347 [Worker 5] [INFO] [78/420] Progress: CHILCAYMARCA (040505) -> FETCH SUCCESS
2026-06-07 21:28:45,935 [Worker 5] [INFO] [79/420] Progress: PAMPACOLCA (040510) -> FETCH SUCCESS
2026-06-07 21:28:47,117 [Worker 5] [INFO] [80/420] Progress: ACHOMA (040202) -> FETCH SUCCESS
2026-06-07 21:28:48,905 [Worker 5] [INFO] [81/420] Progress: COPORAQUE (040206) -> FETCH SUCCESS
2026-06-07 21:28:51,074 [Worker 5] [INFO] [82/420] Progress: LLUTA (040211) -> FETCH SUCCESS
2026-06-07 21:28:53,557 [Worker 5] [INFO] [83/420] Progress: SIBAYO (040215) -> FETCH SUCCESS
2026-06-07 21:28:55,468 [Worker 5] [INFO] [84/420] Progress: ANDARAY (040602) -> FETCH SUCCESS
2026-06-07 21:28:57,517 [Worker 5] [INFO] [85/420] Progress: RÍO GRANDE (040608) -> FETCH SUCCESS
2026-06-07 21:28:59,042 [Worker 5] [INFO] [86/420] Progress: ISLAY (040704) -> FETCH SUCCESS
2026-06-07 21:29:00,827 [Worker 5] [INFO] [87/420] Progress: CHARCANA (040803) -> FETCH SUCCESS
2026-06-07 21:29:02,448 [Worker 5] [INFO] [88/420] Progress: QUECHUALLA (040807) -> FETCH SUCCESS
2026-06-07 21:29:04,378 [Worker 5] [INFO] [90/420] Progress: TOTOS (050208) -> FETCH SUCCESS
2026-06-07 21:29:05,904 [Worker 5] [INFO] [91/420] Progress: CARMEN ALTO (050103) -> FETCH SUCCESS
2026-06-07 21:29:15,140 [Worker 5] [INFO] [92/420] Progress: QUINUA (050105) -> FETCH SUCCESS
2026-06-07 21:29:16,789 [Worker 5] [INFO] [93/420] Progress: TAMBILLO (050110) -> FETCH SUCCESS
2026-06-07 21:29:18,691 [Worker 5] [INFO] [94/420] Progress: SANTIAGO DE LUCANAMARCA (050803) -> FETCH SUCCESS
2026-06-07 21:29:20,476 [Worker 5] [INFO] [96/420] Progress: PUTIS (050314) -> FETCH SUCCESS
2026-06-07 21:29:23,042 [Worker 5] [INFO] [97/420] Progress: ANCO (050402) -> FETCH SUCCESS
2026-06-07 21:29:31,821 [Worker 5] [INFO] [98/420] Progress: NINABAMBA (050414) -> FETCH SUCCESS
2026-06-07 21:29:33,982 [Worker 5] [INFO] [99/420] Progress: SAN MIGUEL (050401) -> FETCH SUCCESS
2026-06-07 21:29:35,609 [Worker 5] [INFO] [100/420] Progress: CABANA (050503) -> FETCH SUCCESS
2026-06-07 21:29:36,940 [Worker 5] [INFO] [101/420] Progress: LARAMATE (050511) -> FETCH SUCCESS
2026-06-07 21:29:39,091 [Worker 5] [INFO] [102/420] Progress: OTOCA (050517) -> FETCH SUCCESS
2026-06-07 21:29:40,934 [Worker 5] [INFO] [104/420] Progress: CHUMPI (050605) -> FETCH SUCCESS
2026-06-07 21:29:42,982 [Worker 5] [INFO] [105/420] Progress: PUYUSCA (050612) -> FETCH SUCCESS
2026-06-07 21:29:44,620 [Worker 5] [INFO] [106/420] Progress: LAMPA (051004) -> FETCH SUCCESS
2026-06-07 21:29:46,158 [Worker 5] [INFO] [107/420] Progress: SAN JAVIER DE ALPABAMBA (051008) -> FETCH SUCCESS
2026-06-07 21:29:47,984 [Worker 5] [INFO] [108/420] Progress: CHILCAYOC (051110) -> FETCH SUCCESS
2026-06-07 21:29:50,142 [Worker 5] [INFO] [109/420] Progress: SAN PEDRO DE LARCAY (051107) -> FETCH SUCCESS
2026-06-07 21:29:51,670 [Worker 5] [INFO] [110/420] Progress: APONGO (050703) -> FETCH SUCCESS
2026-06-07 21:29:52,959 [Worker 5] [INFO] [111/420] Progress: HUALLA (050708) -> FETCH SUCCESS
2026-06-07 21:29:54,869 [Worker 5] [INFO] [112/420] Progress: VILCANCHOS (050714) -> FETCH SUCCESS
2026-06-07 21:29:57,115 [Worker 5] [INFO] [113/420] Progress: INDEPENDENCIA (050908) -> FETCH SUCCESS
2026-06-07 21:29:59,061 [Worker 5] [INFO] [114/420] Progress: CAJABAMBA (060201) -> FETCH SUCCESS
2026-06-07 21:30:01,210 [Worker 5] [INFO] [115/420] Progress: CHETILLA (060104) -> FETCH SUCCESS
2026-06-07 21:30:03,054 [Worker 5] [INFO] [116/420] Progress: LOS BAÑOS DEL INCA (060107) -> FETCH SUCCESS
2026-06-07 21:30:05,614 [Worker 5] [INFO] [117/420] Progress: CELENDÍN (060301) -> FETCH SUCCESS
2026-06-07 21:30:07,352 [Worker 5] [INFO] [118/420] Progress: JOSÉ GÁLVEZ (060306) -> FETCH SUCCESS
2026-06-07 21:30:08,787 [Worker 5] [INFO] [119/420] Progress: SUCRE (060310) -> FETCH SUCCESS
2026-06-07 21:30:10,480 [Worker 5] [INFO] [120/420] Progress: CHIGUIRIP (060606) -> FETCH SUCCESS
2026-06-07 21:30:11,953 [Worker 5] [INFO] [121/420] Progress: CONCHÁN (060604) -> FETCH SUCCESS
2026-06-07 21:30:13,629 [Worker 5] [INFO] [122/420] Progress: PACCHA (060612) -> FETCH SUCCESS
2026-06-07 21:30:15,349 [Worker 5] [INFO] [123/420] Progress: TOCMOCHE (060616) -> FETCH SUCCESS
2026-06-07 21:30:17,184 [Worker 5] [INFO] [124/420] Progress: SAN BENITO (060405) -> FETCH SUCCESS
2026-06-07 21:30:19,232 [Worker 5] [INFO] [125/420] Progress: CHOROS (060504) -> FETCH SUCCESS
2026-06-07 21:30:20,628 [Worker 5] [INFO] [126/420] Progress: QUEROCOTILLO (060507) -> FETCH SUCCESS
2026-06-07 21:30:22,099 [Worker 5] [INFO] [127/420] Progress: SANTO DOMINGO DE LA CAPILLA (060512) -> FETCH SUCCESS
2026-06-07 21:30:30,593 [Worker 5] [INFO] [128/420] Progress: CHUGUR (060702) -> FETCH SUCCESS
2026-06-07 21:30:39,509 [Worker 5] [INFO] [129/420] Progress: HUABAL (060812) -> FETCH SUCCESS
2026-06-07 21:30:41,041 [Worker 5] [INFO] [130/420] Progress: SALLIQUE (060807) -> FETCH SUCCESS
2026-06-07 21:30:43,504 [Worker 5] [INFO] [131/420] Progress: HUARANGO (061103) -> FETCH SUCCESS
2026-06-07 21:30:45,226 [Worker 5] [INFO] [132/420] Progress: TABACONAS (061107) -> FETCH SUCCESS
2026-06-07 21:30:47,110 [Worker 5] [INFO] [133/420] Progress: JOSÉ MANUEL QUIRÓZ (061204) -> FETCH SUCCESS
2026-06-07 21:30:49,543 [Worker 5] [INFO] [134/420] Progress: CATILLUC (061012) -> FETCH SUCCESS
2026-06-07 21:30:51,870 [Worker 5] [INFO] [135/420] Progress: NIEPOS (061006) -> FETCH SUCCESS
2026-06-07 21:30:53,739 [Worker 5] [INFO] [136/420] Progress: UNIÓN AGUA BLANCA (061010) -> FETCH SUCCESS
2026-06-07 21:30:56,041 [Worker 5] [INFO] [137/420] Progress: ANDABAMBA (060910) -> FETCH SUCCESS
2026-06-07 21:30:58,761 [Worker 5] [INFO] [138/420] Progress: PULÁN (060906) -> FETCH SUCCESS
2026-06-07 21:31:00,816 [Worker 5] [INFO] [139/420] Progress: YAUYUCAN (060909) -> FETCH SUCCESS
2026-06-07 21:31:02,548 [Worker 5] [INFO] [140/420] Progress: LA PUNTA (240103) -> FETCH SUCCESS
2026-06-07 21:31:04,957 [Worker 5] [INFO] [141/420] Progress: ACOS (070203) -> FETCH SUCCESS
2026-06-07 21:31:06,838 [Worker 5] [INFO] [142/420] Progress: ANCAHUASI (070309) -> FETCH SUCCESS
2026-06-07 21:31:08,078 [Worker 5] [INFO] [143/420] Progress: LIMATAMBO (070304) -> FETCH SUCCESS
2026-06-07 21:31:10,056 [Worker 5] [INFO] [144/420] Progress: COYA (070402) -> FETCH SUCCESS
2026-06-07 21:31:12,866 [Worker 5] [INFO] [145/420] Progress: TARAY (070407) -> FETCH SUCCESS
2026-06-07 21:31:15,137 [Worker 5] [INFO] [146/420] Progress: LAYO (070505) -> FETCH SUCCESS
2026-06-07 21:31:16,577 [Worker 5] [INFO] [147/420] Progress: CHECACUPE (070603) -> FETCH SUCCESS
2026-06-07 21:31:18,113 [Worker 5] [INFO] [148/420] Progress: SAN PEDRO (070607) -> FETCH SUCCESS
2026-06-07 21:31:19,784 [Worker 5] [INFO] [149/420] Progress: COLQUEMARCA (070703) -> FETCH SUCCESS
2026-06-07 21:31:21,508 [Worker 5] [INFO] [150/420] Progress: VELILLE (070708) -> FETCH SUCCESS
2026-06-07 21:31:23,486 [Worker 5] [INFO] [151/420] Progress: SAN SEBASTIÁN (070105) -> FETCH SUCCESS
2026-06-07 21:31:26,203 [Worker 5] [INFO] [152/420] Progress: CONDOROMA (070802) -> FETCH SUCCESS
2026-06-07 21:31:28,444 [Worker 5] [INFO] [153/420] Progress: PICHIGUA (070806) -> FETCH SUCCESS
2026-06-07 21:31:30,325 [Worker 5] [INFO] [154/420] Progress: INKAWASI (070911) -> FETCH SUCCESS
2026-06-07 21:31:31,855 [Worker 5] [INFO] [155/420] Progress: MEGANTONI (070915) -> FETCH SUCCESS
2026-06-07 21:31:33,676 [Worker 5] [INFO] [156/420] Progress: SANTA TERESA (070906) -> FETCH SUCCESS
2026-06-07 21:31:36,239 [Worker 5] [INFO] [157/420] Progress: ACCHA (071002) -> FETCH SUCCESS
2026-06-07 21:31:38,198 [Worker 5] [INFO] [158/420] Progress: PACCARITAMBO (071008) -> FETCH SUCCESS
2026-06-07 21:31:39,858 [Worker 5] [INFO] [159/420] Progress: CHALLABAMBA (071104) -> FETCH SUCCESS
2026-06-07 21:31:39,858 [Worker 5] [INFO] [160/420] Check: ANDAHUAYLILLAS (071202) -> BYPASSED
2026-06-07 21:31:41,870 [Worker 5] [INFO] [162/420] Progress: QUIQUIJANA (071212) -> FETCH SUCCESS
2026-06-07 21:31:44,742 [Worker 5] [INFO] [163/420] Progress: MARAS (071305) -> FETCH SUCCESS
2026-06-07 21:31:46,581 [Worker 5] [INFO] [164/420] Progress: ANDABAMBA (080203) -> FETCH SUCCESS
2026-06-07 21:31:48,648 [Worker 5] [INFO] [165/420] Progress: POMACOCHA (080207) -> FETCH SUCCESS
2026-06-07 21:31:50,445 [Worker 5] [INFO] [166/420] Progress: CHINCHO (080305) -> FETCH SUCCESS
2026-06-07 21:31:52,280 [Worker 5] [INFO] [167/420] Progress: LIRCAY (080301) -> FETCH SUCCESS
2026-06-07 21:31:54,530 [Worker 5] [INFO] [168/420] Progress: AURAHUA (080403) -> FETCH SUCCESS
2026-06-07 21:32:02,351 [Worker 5] [INFO] [169/420] Progress: HUACHOS (080409) -> FETCH SUCCESS
2026-06-07 21:32:04,703 [Worker 5] [INFO] [170/420] Progress: TANTARA (080427) -> FETCH SUCCESS
2026-06-07 21:32:06,446 [Worker 5] [INFO] [171/420] Progress: COSME (080711) -> FETCH SUCCESS
2026-06-07 21:32:08,890 [Worker 5] [INFO] [172/420] Progress: PAUCARBAMBA (080707) -> FETCH SUCCESS
2026-06-07 21:32:10,513 [Worker 5] [INFO] [174/420] Progress: HUANDO (080120) -> FETCH SUCCESS
2026-06-07 21:32:12,488 [Worker 5] [INFO] [175/420] Progress: MARISCAL CÁCERES (080112) -> FETCH SUCCESS
2026-06-07 21:32:14,788 [Worker 5] [INFO] [176/420] Progress: VILCA (080117) -> FETCH SUCCESS
2026-06-07 21:32:17,199 [Worker 5] [INFO] [178/420] Progress: QUITO-ARMA (080609) -> FETCH SUCCESS
2026-06-07 21:32:19,248 [Worker 5] [INFO] [179/420] Progress: SANTIAGO DE QUIRAHUARA (080614) -> FETCH SUCCESS
2026-06-07 21:32:21,192 [Worker 5] [INFO] [180/420] Progress: AHUAYCHA (080504) -> FETCH SUCCESS
2026-06-07 21:32:22,800 [Worker 5] [INFO] [181/420] Progress: HUACHOCOLPA (080511) -> FETCH SUCCESS
2026-06-07 21:32:25,001 [Worker 5] [INFO] [182/420] Progress: PAZOS (080517) -> FETCH SUCCESS
2026-06-07 21:32:26,937 [Worker 5] [INFO] [183/420] Progress: SALCABAMBA (080519) -> FETCH SUCCESS
2026-06-07 21:32:28,087 [Worker 5] [INFO] [184/420] Progress: TINTAY PUNCU (080525) -> FETCH SUCCESS
2026-06-07 21:32:29,868 [Worker 5] [INFO] [185/420] Progress: HUACAR (090205) -> FETCH SUCCESS
2026-06-07 21:32:32,253 [Worker 5] [INFO] [186/420] Progress: LA UNIÓN (090301) -> FETCH SUCCESS
2026-06-07 21:32:33,594 [Worker 5] [INFO] [187/420] Progress: SHUNQUI (090321) -> FETCH SUCCESS
2026-06-07 21:32:35,224 [Worker 5] [INFO] [188/420] Progress: HUACAYBAMBA (090901) -> FETCH SUCCESS
2026-06-07 21:32:36,759 [Worker 5] [INFO] [189/420] Progress: JIRCÁN (090405) -> FETCH SUCCESS
2026-06-07 21:32:38,323 [Worker 5] [INFO] [190/420] Progress: PUÑOS (090409) -> FETCH SUCCESS
2026-06-07 21:32:40,547 [Worker 5] [INFO] [191/420] Progress: CHURUBAMBA (090103) -> FETCH SUCCESS
2026-06-07 21:32:42,217 [Worker 5] [INFO] [192/420] Progress: SAN FRANCISCO DE CAYRÁN (090106) -> FETCH SUCCESS
2026-06-07 21:32:43,858 [Worker 5] [INFO] [193/420] Progress: YARUMAYO (090109) -> FETCH SUCCESS
2026-06-07 21:32:52,118 [Worker 5] [INFO] [194/420] Progress: RONDOS (091006) -> FETCH SUCCESS
2026-06-07 21:32:54,413 [Worker 5] [INFO] [195/420] Progress: HERMILIO VALDIZÁN (090603) -> FETCH SUCCESS
2026-06-07 21:32:56,269 [Worker 5] [INFO] [196/420] Progress: PUEBLO NUEVO (090609) -> FETCH SUCCESS
2026-06-07 21:32:58,831 [Worker 5] [INFO] [197/420] Progress: LA MORADA (090506) -> FETCH SUCCESS
2026-06-07 21:33:00,935 [Worker 5] [INFO] [198/420] Progress: PANAO (090701) -> FETCH SUCCESS
2026-06-07 21:33:02,740 [Worker 5] [INFO] [199/420] Progress: TOURNAVISTA (090804) -> FETCH SUCCESS
2026-06-07 21:33:10,606 [Worker 5] [INFO] [200/420] Progress: CHAVINILLO (091101) -> FETCH SUCCESS
2026-06-07 21:33:12,497 [Worker 5] [INFO] [201/420] Progress: ALTO LARAN (100209) -> FETCH SUCCESS
2026-06-07 21:33:14,047 [Worker 5] [INFO] [202/420] Progress: GROCIO PRADO (100205) -> FETCH SUCCESS
2026-06-07 21:33:15,785 [Worker 5] [INFO] [204/420] Progress: PACHACUTEC (100113) -> FETCH SUCCESS
2026-06-07 21:33:18,277 [Worker 5] [INFO] [205/420] Progress: SAN JUAN BAUTISTA (100108) -> FETCH SUCCESS
2026-06-07 21:33:19,870 [Worker 5] [INFO] [206/420] Progress: CHANGUILLO (100302) -> FETCH SUCCESS
2026-06-07 21:33:21,747 [Worker 5] [INFO] [207/420] Progress: LLIPATA (100502) -> FETCH SUCCESS
2026-06-07 21:33:23,158 [Worker 5] [INFO] [208/420] Progress: HUANCANO (100402) -> FETCH SUCCESS
2026-06-07 21:33:24,886 [Worker 5] [INFO] [209/420] Progress: SAN ANDRÉS (100406) -> FETCH SUCCESS
2026-06-07 21:33:26,934 [Worker 5] [INFO] [210/420] Progress: PICHANAQUI (110805) -> FETCH SUCCESS
2026-06-07 21:33:28,930 [Worker 5] [INFO] [211/420] Progress: CHONGOS BAJO (110903) -> FETCH SUCCESS
2026-06-07 21:33:31,508 [Worker 5] [INFO] [212/420] Progress: SAN JUAN DE JARPA (110907) -> FETCH SUCCESS
2026-06-07 21:33:39,325 [Worker 5] [INFO] [213/420] Progress: CHAMBARA (110206) -> FETCH SUCCESS
2026-06-07 21:33:40,595 [Worker 5] [INFO] [214/420] Progress: MANZANARES (110208) -> FETCH SUCCESS
2026-06-07 21:33:42,481 [Worker 5] [INFO] [215/420] Progress: ORCOTUNA (110213) -> FETCH SUCCESS
2026-06-07 21:33:44,476 [Worker 5] [INFO] [216/420] Progress: CHICCHE (110107) -> FETCH SUCCESS
2026-06-07 21:33:46,390 [Worker 5] [INFO] [217/420] Progress: CULLHUAS (110105) -> FETCH SUCCESS
2026-06-07 21:33:48,850 [Worker 5] [INFO] [218/420] Progress: HUANCAYO (110101) -> FETCH SUCCESS
2026-06-07 21:33:50,755 [Worker 5] [INFO] [219/420] Progress: PILCOMAYO (110123) -> FETCH SUCCESS
2026-06-07 21:33:53,384 [Worker 5] [INFO] [220/420] Progress: SAN JERÓNIMO DE TUNÁN (110128) -> FETCH SUCCESS
2026-06-07 21:33:55,608 [Worker 5] [INFO] [223/420] Progress: JANJAILLO (110310) -> FETCH SUCCESS
2026-06-07 21:33:58,588 [Worker 5] [INFO] [228/420] Progress: CARHUAMAYO (110402) -> FETCH SUCCESS
2026-06-07 21:34:00,226 [Worker 5] [INFO] [229/420] Progress: LLAYLLA (110703) -> FETCH SUCCESS
2026-06-07 21:34:02,808 [Worker 5] [INFO] [230/420] Progress: RÍO TAMBO (110708) -> FETCH SUCCESS
2026-06-07 21:34:04,618 [Worker 5] [INFO] [231/420] Progress: HUASAHUASI (110504) -> FETCH SUCCESS
2026-06-07 21:34:05,849 [Worker 5] [INFO] [233/420] Progress: MARCAPOMACOCHA (110604) -> FETCH SUCCESS
2026-06-07 21:34:07,671 [Worker 5] [INFO] [234/420] Progress: SUITUCANCHA (110608) -> FETCH SUCCESS
2026-06-07 21:34:09,636 [Worker 5] [INFO] [235/420] Progress: CHOCOPE (120803) -> FETCH SUCCESS
2026-06-07 21:34:12,306 [Worker 5] [INFO] [236/420] Progress: BAMBAMARCA (120202) -> FETCH SUCCESS
2026-06-07 21:34:14,477 [Worker 5] [INFO] [237/420] Progress: UCUNCHA (120205) -> FETCH SUCCESS
2026-06-07 21:34:16,341 [Worker 5] [INFO] [238/420] Progress: LUCMA (121102) -> FETCH SUCCESS
2026-06-07 21:34:18,044 [Worker 5] [INFO] [239/420] Progress: HUASO (121004) -> FETCH SUCCESS
2026-06-07 21:34:19,778 [Worker 5] [INFO] [240/420] Progress: LA CUESTA (120405) -> FETCH SUCCESS
2026-06-07 21:34:22,283 [Worker 5] [INFO] [241/420] Progress: SINSICAP (120410) -> FETCH SUCCESS
2026-06-07 21:34:24,133 [Worker 5] [INFO] [242/420] Progress: SAN JOSÉ (120508) -> FETCH SUCCESS
2026-06-07 21:34:26,109 [Worker 5] [INFO] [244/420] Progress: PIÁS (120610) -> FETCH SUCCESS
2026-06-07 21:34:28,375 [Worker 5] [INFO] [245/420] Progress: CHUGAY (120304) -> FETCH SUCCESS
2026-06-07 21:34:30,116 [Worker 5] [INFO] [246/420] Progress: SANAGORÁN (120306) -> FETCH SUCCESS
2026-06-07 21:34:31,798 [Worker 5] [INFO] [247/420] Progress: MOLLEBAMBA (120703) -> FETCH SUCCESS
2026-06-07 21:34:33,804 [Worker 5] [INFO] [248/420] Progress: SITABAMBA (120707) -> FETCH SUCCESS
2026-06-07 21:34:35,655 [Worker 5] [INFO] [249/420] Progress: LA ESPERANZA (120111) -> FETCH SUCCESS
2026-06-07 21:34:37,514 [Worker 5] [INFO] [250/420] Progress: SIMBAL (120106) -> FETCH SUCCESS
2026-06-07 21:34:39,912 [Worker 5] [INFO] [251/420] Progress: VIRÚ (121201) -> FETCH SUCCESS
2026-06-07 21:34:41,553 [Worker 5] [INFO] [252/420] Progress: ETEN PUERTO (130104) -> FETCH SUCCESS
2026-06-07 21:34:43,444 [Worker 5] [INFO] [253/420] Progress: NUEVA ARICA (130107) -> FETCH SUCCESS
2026-06-07 21:34:45,990 [Worker 5] [INFO] [254/420] Progress: POMALCA (130118) -> FETCH SUCCESS
2026-06-07 21:34:47,289 [Worker 5] [INFO] [255/420] Progress: TUMÁN (130120) -> FETCH SUCCESS
2026-06-07 21:34:49,537 [Worker 5] [INFO] [256/420] Progress: PITIPO (130204) -> FETCH SUCCESS
2026-06-07 21:34:51,109 [Worker 5] [INFO] [257/420] Progress: LAMBAYEQUE (130301) -> FETCH SUCCESS
2026-06-07 21:34:52,823 [Worker 5] [INFO] [258/420] Progress: PACORA (130309) -> FETCH SUCCESS
2026-06-07 21:34:54,805 [Worker 5] [INFO] [259/420] Progress: PARAMONGA (140902) -> FETCH SUCCESS
2026-06-07 21:34:57,153 [Worker 5] [INFO] [260/420] Progress: COPA (140205) -> FETCH SUCCESS
2026-06-07 21:34:58,972 [Worker 5] [INFO] [261/420] Progress: CANTA (140301) -> FETCH SUCCESS
2026-06-07 21:35:00,734 [Worker 5] [INFO] [262/420] Progress: SANTA ROSA DE QUIVES (140307) -> FETCH SUCCESS
2026-06-07 21:35:02,381 [Worker 5] [INFO] [263/420] Progress: COAYLLO (140404) -> FETCH SUCCESS
2026-06-07 21:35:03,633 [Worker 5] [INFO] [264/420] Progress: PACARAN (140410) -> FETCH SUCCESS
2026-06-07 21:35:05,331 [Worker 5] [INFO] [265/420] Progress: SAN VICENTE DE CAÑETE (140401) -> FETCH SUCCESS
2026-06-07 21:35:07,416 [Worker 5] [INFO] [266/420] Progress: CHANCAY (140805) -> FETCH SUCCESS
2026-06-07 21:35:09,570 [Worker 5] [INFO] [267/420] Progress: SAN MIGUEL DE ACOS (140809) -> FETCH SUCCESS
2026-06-07 21:35:11,564 [Worker 5] [INFO] [269/420] Progress: HUANZA (140608) -> FETCH SUCCESS
2026-06-07 21:35:13,129 [Worker 5] [INFO] [270/420] Progress: MATUCANA (140601) -> FETCH SUCCESS
2026-06-07 21:35:15,540 [Worker 5] [INFO] [271/420] Progress: SAN DAMIÁN (140617) -> FETCH SUCCESS
2026-06-07 21:35:17,478 [Worker 5] [INFO] [272/420] Progress: SAN MATEO (140621) -> FETCH SUCCESS
2026-06-07 21:35:19,289 [Worker 5] [INFO] [274/420] Progress: SURCO (140629) -> FETCH SUCCESS
2026-06-07 21:35:27,154 [Worker 5] [INFO] [276/420] Progress: SANTA MARÍA (140512) -> FETCH SUCCESS
2026-06-07 21:35:29,167 [Worker 5] [INFO] [277/420] Progress: BARRANCO (140125) -> FETCH SUCCESS
2026-06-07 21:35:31,030 [Worker 5] [INFO] [278/420] Progress: CIENEGUILLA (140139) -> FETCH SUCCESS
2026-06-07 21:35:33,487 [Worker 5] [INFO] [279/420] Progress: LA MOLINA (140110) -> FETCH SUCCESS
2026-06-07 21:35:35,142 [Worker 5] [INFO] [280/420] Progress: LURIGANCHO (140112) -> FETCH SUCCESS
2026-06-07 21:35:37,087 [Worker 5] [INFO] [281/420] Progress: PUCUSANA (140118) -> FETCH SUCCESS
2026-06-07 21:35:39,492 [Worker 5] [INFO] [282/420] Progress: RÍMAC (140122) -> FETCH SUCCESS
2026-06-07 21:35:45,893 [Worker 5] [INFO] [283/420] Progress: SAN JUAN DE MIRAFLORES (140136) -> FETCH SUCCESS
2026-06-07 21:35:47,628 [Worker 5] [INFO] [284/420] Progress: SANTA MARÍA DEL MAR (140128) -> FETCH SUCCESS
2026-06-07 21:35:49,784 [Worker 5] [INFO] [285/420] Progress: VILLA MARÍA DEL TRIUNFO (140132) -> FETCH SUCCESS
2026-06-07 21:35:51,479 [Worker 5] [INFO] [286/420] Progress: OYÓN (141001) -> FETCH SUCCESS
2026-06-07 21:35:53,471 [Worker 5] [INFO] [287/420] Progress: AZÁNGARO (140705) -> FETCH SUCCESS
2026-06-07 21:35:55,477 [Worker 5] [INFO] [288/420] Progress: COCHAS (140708) -> FETCH SUCCESS
2026-06-07 21:35:56,949 [Worker 5] [INFO] [289/420] Progress: HUANGASCAR (140713) -> FETCH SUCCESS
2026-06-07 21:35:59,309 [Worker 5] [INFO] [290/420] Progress: MADEAN (140731) -> FETCH SUCCESS
2026-06-07 21:36:01,009 [Worker 5] [INFO] [291/420] Progress: QUINOCAY (140721) -> FETCH SUCCESS
2026-06-07 21:36:03,506 [Worker 5] [INFO] [292/420] Progress: TOMÁS (140727) -> FETCH SUCCESS
2026-06-07 21:36:05,251 [Worker 5] [INFO] [293/420] Progress: BALSAPUERTO (150202) -> FETCH SUCCESS
2026-06-07 21:36:07,569 [Worker 5] [INFO] [294/420] Progress: YURIMAGUAS (150201) -> FETCH SUCCESS
2026-06-07 21:36:09,282 [Worker 5] [INFO] [295/420] Progress: MORONA (150705) -> FETCH SUCCESS
2026-06-07 21:36:10,954 [Worker 5] [INFO] [296/420] Progress: TROMPETEROS (150305) -> FETCH SUCCESS
2026-06-07 21:36:12,418 [Worker 5] [INFO] [297/420] Progress: SANTA ROSA DE LORETO (150605) -> FETCH SUCCESS
2026-06-07 21:36:13,862 [Worker 5] [INFO] [298/420] Progress: INDIANA (150110) -> FETCH SUCCESS
2026-06-07 21:36:15,594 [Worker 5] [INFO] [299/420] Progress: PUNCHANA (150111) -> FETCH SUCCESS
2026-06-07 21:36:24,807 [Worker 5] [INFO] [300/420] Progress: TENIENTE MANUEL CLAVERO (150903) -> FETCH SUCCESS
2026-06-07 21:36:34,738 [Worker 5] [INFO] [301/420] Progress: JENARO HERRERA (150410) -> FETCH SUCCESS
2026-06-07 21:36:42,882 [Worker 5] [INFO] [302/420] Progress: SOPLIN (150408) -> FETCH SUCCESS
2026-06-07 21:36:44,980 [Worker 5] [INFO] [303/420] Progress: PADRE MÁRQUEZ (150503) -> FETCH SUCCESS
2026-06-07 21:36:46,258 [Worker 5] [INFO] [304/420] Progress: HUEPETUHE (160204) -> FETCH SUCCESS
2026-06-07 21:36:48,504 [Worker 5] [INFO] [305/420] Progress: TAHUAMANÚ (160303) -> FETCH SUCCESS
2026-06-07 21:36:50,297 [Worker 5] [INFO] [306/420] Progress: CHOJATA (170203) -> FETCH SUCCESS
2026-06-07 21:36:51,983 [Worker 5] [INFO] [307/420] Progress: MATALAQUE (170207) -> FETCH SUCCESS
2026-06-07 21:36:53,317 [Worker 5] [INFO] [308/420] Progress: YUNGA (170211) -> FETCH SUCCESS
2026-06-07 21:36:55,145 [Worker 5] [INFO] [309/420] Progress: CUCHUMBAYA (170103) -> FETCH SUCCESS
2026-06-07 21:36:56,575 [Worker 5] [INFO] [310/420] Progress: TORATA (170105) -> FETCH SUCCESS
2026-06-07 21:36:58,468 [Worker 5] [INFO] [311/420] Progress: SANTA ANA DE TUSI (180206) -> FETCH SUCCESS
2026-06-07 21:37:00,562 [Worker 5] [INFO] [312/420] Progress: CONSTITUCIÓN (180308) -> FETCH SUCCESS
2026-06-07 21:37:02,389 [Worker 5] [INFO] [313/420] Progress: PUERTO BERMÚDEZ (180304) -> FETCH SUCCESS
2026-06-07 21:37:04,332 [Worker 5] [INFO] [314/420] Progress: HUAYLLAY (180105) -> FETCH SUCCESS
2026-06-07 21:37:06,687 [Worker 5] [INFO] [315/420] Progress: SIMÓN BOLÍVAR (180110) -> FETCH SUCCESS
2026-06-07 21:37:08,998 [Worker 5] [INFO] [316/420] Progress: AYABACA (190201) -> FETCH SUCCESS
2026-06-07 21:37:11,082 [Worker 5] [INFO] [317/420] Progress: PACAIPAMPA (190205) -> FETCH SUCCESS
2026-06-07 21:37:13,588 [Worker 5] [INFO] [318/420] Progress: CANCHAQUE (190302) -> FETCH SUCCESS
2026-06-07 21:37:15,194 [Worker 5] [INFO] [319/420] Progress: SAN MIGUEL DE EL FAIQUE (190307) -> FETCH SUCCESS
2026-06-07 21:37:17,337 [Worker 5] [INFO] [320/420] Progress: CHULUCANAS (190401) -> FETCH SUCCESS
2026-06-07 21:37:19,902 [Worker 5] [INFO] [321/420] Progress: SANTA CATALINA DE MOSSA (190406) -> FETCH SUCCESS
2026-06-07 21:37:21,343 [Worker 5] [INFO] [322/420] Progress: COLÁN (190505) -> FETCH SUCCESS
2026-06-07 21:37:23,353 [Worker 5] [INFO] [323/420] Progress: CASTILLA (190103) -> FETCH SUCCESS
2026-06-07 21:37:29,707 [Worker 5] [INFO] [324/420] Progress: LAS LOMAS (190107) -> FETCH SUCCESS
2026-06-07 21:37:31,469 [Worker 5] [INFO] [325/420] Progress: BELLAVISTA DE LA UNIÓN (190804) -> FETCH SUCCESS
2026-06-07 21:37:33,388 [Worker 5] [INFO] [326/420] Progress: VICE (190802) -> FETCH SUCCESS
2026-06-07 21:37:35,386 [Worker 5] [INFO] [327/420] Progress: MIGUEL CHECA (190605) -> FETCH SUCCESS
2026-06-07 21:37:45,192 [Worker 5] [INFO] [328/420] Progress: LA BREA (190703) -> FETCH SUCCESS
2026-06-07 21:37:47,375 [Worker 5] [INFO] [329/420] Progress: ACHAYA (200202) -> FETCH SUCCESS
2026-06-07 21:37:49,184 [Worker 5] [INFO] [330/420] Progress: CHUPA (200206) -> FETCH SUCCESS
2026-06-07 21:37:51,032 [Worker 5] [INFO] [331/420] Progress: SAN ANTON (200213) -> FETCH SUCCESS
2026-06-07 21:37:52,973 [Worker 5] [INFO] [332/420] Progress: AJOYANI (200302) -> FETCH SUCCESS
2026-06-07 21:37:54,227 [Worker 5] [INFO] [333/420] Progress: ITUATA (200307) -> FETCH SUCCESS
2026-06-07 21:37:56,532 [Worker 5] [INFO] [334/420] Progress: DESAGUADERO (200402) -> FETCH SUCCESS
2026-06-07 21:37:58,459 [Worker 5] [INFO] [335/420] Progress: POMATA (200407) -> FETCH SUCCESS
2026-06-07 21:38:00,245 [Worker 5] [INFO] [336/420] Progress: PILCUYO (201202) -> FETCH SUCCESS
2026-06-07 21:38:02,292 [Worker 5] [INFO] [337/420] Progress: INCHUPALLA (200504) -> FETCH SUCCESS
2026-06-07 21:38:04,033 [Worker 5] [INFO] [338/420] Progress: CABANILLA (200602) -> FETCH SUCCESS
2026-06-07 21:38:05,693 [Worker 5] [INFO] [339/420] Progress: PALCA (200606) -> FETCH SUCCESS
2026-06-07 21:38:07,616 [Worker 5] [INFO] [340/420] Progress: ANTAUTA (200702) -> FETCH SUCCESS
2026-06-07 21:38:09,887 [Worker 5] [INFO] [341/420] Progress: NUÑOA (200706) -> FETCH SUCCESS
2026-06-07 21:38:11,814 [Worker 5] [INFO] [342/420] Progress: HUAYRAPATA (201304) -> FETCH SUCCESS
2026-06-07 21:38:14,143 [Worker 5] [INFO] [343/420] Progress: ATUNCOLLA (200103) -> FETCH SUCCESS
2026-06-07 21:38:15,548 [Worker 5] [INFO] [344/420] Progress: MAÑAZO (200108) -> FETCH SUCCESS
2026-06-07 21:38:16,932 [Worker 5] [INFO] [345/420] Progress: SAN ANTONIO (200111) -> FETCH SUCCESS
2026-06-07 21:38:19,143 [Worker 5] [INFO] [346/420] Progress: PUTINA (201101) -> FETCH SUCCESS
2026-06-07 21:38:21,338 [Worker 5] [INFO] [347/420] Progress: LIMBANI (200804) -> FETCH SUCCESS
2026-06-07 21:38:27,128 [Worker 5] [INFO] [348/420] Progress: SAN JUAN DEL ORO (200808) -> FETCH SUCCESS
2026-06-07 21:38:29,276 [Worker 5] [INFO] [349/420] Progress: CARACOTO (200904) -> FETCH SUCCESS
2026-06-07 21:38:31,065 [Worker 5] [INFO] [351/420] Progress: ALTO BIAVO (210704) -> FETCH SUCCESS
2026-06-07 21:38:33,320 [Worker 5] [INFO] [352/420] Progress: SAN RAFAEL (210702) -> FETCH SUCCESS
2026-06-07 21:38:34,938 [Worker 5] [INFO] [353/420] Progress: SHATOJA (211003) -> FETCH SUCCESS
2026-06-07 21:38:36,515 [Worker 5] [INFO] [354/420] Progress: SAPOSOA (210201) -> FETCH SUCCESS
2026-06-07 21:38:38,670 [Worker 5] [INFO] [355/420] Progress: CUÑUMBUQUI (210305) -> FETCH SUCCESS
2026-06-07 21:38:40,259 [Worker 5] [INFO] [356/420] Progress: SHANAO (210311) -> FETCH SUCCESS
2026-06-07 21:38:42,140 [Worker 5] [INFO] [357/420] Progress: JUANJUI (210401) -> FETCH SUCCESS
2026-06-07 21:38:44,328 [Worker 5] [INFO] [358/420] Progress: JEPELACIO (210104) -> FETCH SUCCESS
2026-06-07 21:38:46,093 [Worker 5] [INFO] [359/420] Progress: CASPISAPA (210903) -> FETCH SUCCESS
2026-06-07 21:38:47,822 [Worker 5] [INFO] [360/420] Progress: SAN HILARIÓN (210907) -> FETCH SUCCESS
2026-06-07 21:38:50,254 [Worker 5] [INFO] [361/420] Progress: ELÍAS SOPLÍN VARGAS (210506) -> FETCH SUCCESS
2026-06-07 21:38:52,012 [Worker 5] [INFO] [362/420] Progress: SAN FERNANDO (210507) -> FETCH SUCCESS
2026-06-07 21:38:53,799 [Worker 5] [INFO] [363/420] Progress: CHAZUTA (210606) -> FETCH SUCCESS
2026-06-07 21:39:00,138 [Worker 5] [INFO] [364/420] Progress: LA BANDA DE SHILCAYO (210621) -> FETCH SUCCESS
2026-06-07 21:39:01,581 [Worker 5] [INFO] [366/420] Progress: SHUNTE (210804) -> FETCH SUCCESS
2026-06-07 21:39:03,524 [Worker 5] [INFO] [367/420] Progress: CANDARAVE (220401) -> FETCH SUCCESS
2026-06-07 21:39:05,165 [Worker 5] [INFO] [368/420] Progress: ITE (220302) -> FETCH SUCCESS
2026-06-07 21:39:07,201 [Worker 5] [INFO] [369/420] Progress: CORONEL GREGORIO ALBARRACÍN LANCHIPA (220113) -> FETCH SUCCESS
2026-06-07 21:39:09,213 [Worker 5] [INFO] [370/420] Progress: POCOLLAY (220109) -> FETCH SUCCESS
2026-06-07 21:39:10,969 [Worker 5] [INFO] [371/420] Progress: HÉROES ALBARRACÍN (220205) -> FETCH SUCCESS
2026-06-07 21:39:13,009 [Worker 5] [INFO] [372/420] Progress: TICACO (220213) -> FETCH SUCCESS
2026-06-07 21:39:15,425 [Worker 5] [INFO] [373/420] Progress: LA CRUZ (230103) -> FETCH SUCCESS
2026-06-07 21:39:16,773 [Worker 5] [INFO] [374/420] Progress: AGUAS VERDES (230304) -> FETCH SUCCESS
2026-06-07 21:39:19,094 [Worker 5] [INFO] [375/420] Progress: SEPAHUA (250304) -> FETCH SUCCESS
2026-06-07 21:39:20,779 [Worker 5] [INFO] [376/420] Progress: IPARÍA (250105) -> FETCH SUCCESS
2026-06-07 21:39:28,718 [Worker 5] [INFO] [377/420] Progress: ALEXANDER VON HUMBOLDT (250205) -> FETCH SUCCESS
2026-06-07 21:39:30,917 [Worker 5] [INFO] [378/420] Progress: NESHUYA (250204) -> FETCH SUCCESS
2026-06-07 21:39:32,947 [Worker 5] [INFO] [379/420] Progress: NAIROBI (910401) -> FETCH SUCCESS
2026-06-07 21:39:35,088 [Worker 5] [INFO] [380/420] Progress: BUENOS AIRES (920202) -> FETCH SUCCESS
2026-06-07 21:39:37,218 [Worker 5] [INFO] [381/420] Progress: LA RIOJA (920226) -> FETCH SUCCESS
2026-06-07 21:39:39,164 [Worker 5] [INFO] [382/420] Progress: SAN LUIS (920219) -> FETCH SUCCESS
2026-06-07 21:39:41,382 [Worker 5] [INFO] [383/420] Progress: BRASILIA (920503) -> FETCH SUCCESS
2026-06-07 21:39:43,139 [Worker 5] [INFO] [384/420] Progress: PORTO ALEGRE (920506) -> FETCH SUCCESS
2026-06-07 21:39:44,928 [Worker 5] [INFO] [385/420] Progress: ALBERTA (920608) -> FETCH SUCCESS
2026-06-07 21:39:47,194 [Worker 5] [INFO] [386/420] Progress: WINNIPEG (920605) -> FETCH SUCCESS
2026-06-07 21:39:49,288 [Worker 5] [INFO] [387/420] Progress: IQUIQUE (921005) -> FETCH SUCCESS
2026-06-07 21:39:51,247 [Worker 5] [INFO] [388/420] Progress: BUCARAMANGA (920709) -> FETCH SUCCESS
2026-06-07 21:39:53,521 [Worker 5] [INFO] [389/420] Progress: PASTO (920717) -> FETCH SUCCESS
2026-06-07 21:39:55,899 [Worker 5] [INFO] [390/420] Progress: LOJA (921102) -> FETCH SUCCESS
2026-06-07 21:39:58,085 [Worker 5] [INFO] [391/420] Progress: BOSTON (921303) -> FETCH SUCCESS
2026-06-07 21:39:59,795 [Worker 5] [INFO] [392/420] Progress: HARTFORD (921385) -> FETCH SUCCESS
2026-06-07 21:40:01,899 [Worker 5] [INFO] [393/420] Progress: NUEVA ORLEANS (921318) -> FETCH SUCCESS
2026-06-07 21:40:03,638 [Worker 5] [INFO] [394/420] Progress: SALT LAKE CITY (921374) -> FETCH SUCCESS
2026-06-07 21:40:04,873 [Worker 5] [INFO] [395/420] Progress: WASHINGTON D. C. (921331) -> FETCH SUCCESS
2026-06-07 21:40:06,506 [Worker 5] [INFO] [396/420] Progress: GUADALAJARA (921901) -> FETCH SUCCESS
2026-06-07 21:40:08,962 [Worker 5] [INFO] [397/420] Progress: PANAMÁ (922101) -> FETCH SUCCESS
2026-06-07 21:40:11,044 [Worker 5] [INFO] [398/420] Progress: SANTO DOMINGO (922401) -> FETCH SUCCESS
2026-06-07 21:40:13,033 [Worker 5] [INFO] [399/420] Progress: DOHA (933801) -> FETCH SUCCESS
2026-06-07 21:40:14,492 [Worker 5] [INFO] [400/420] Progress: JAKARTA (931101) -> FETCH SUCCESS
2026-06-07 21:40:16,035 [Worker 5] [INFO] [401/420] Progress: GUNMA (930721) -> FETCH SUCCESS
2026-06-07 21:40:18,080 [Worker 5] [INFO] [402/420] Progress: OKINAWA (930704) -> FETCH SUCCESS
2026-06-07 21:40:26,994 [Worker 5] [INFO] [403/420] Progress: AMMAN (931302) -> FETCH SUCCESS
2026-06-07 21:40:28,521 [Worker 5] [INFO] [404/420] Progress: BEIJING (PEKIN) (930201) -> FETCH SUCCESS
2026-06-07 21:40:30,341 [Worker 5] [INFO] [405/420] Progress: BANGKOK (931001) -> FETCH SUCCESS
2026-06-07 21:40:32,389 [Worker 5] [INFO] [406/420] Progress: BREMEN (940203) -> FETCH SUCCESS
2026-06-07 21:40:34,618 [Worker 5] [INFO] [407/420] Progress: VIENA (940302) -> FETCH SUCCESS
2026-06-07 21:40:36,611 [Worker 5] [INFO] [408/420] Progress: MINSK (943601) -> FETCH SUCCESS
2026-06-07 21:40:38,789 [Worker 5] [INFO] [409/420] Progress: LAS PALMAS (940909) -> FETCH SUCCESS
2026-06-07 21:40:40,544 [Worker 5] [INFO] [410/420] Progress: SALAMANCA (940905) -> FETCH SUCCESS
2026-06-07 21:40:42,719 [Worker 5] [INFO] [411/420] Progress: ZARAGOZA (940917) -> FETCH SUCCESS
2026-06-07 21:40:43,874 [Worker 5] [INFO] [412/420] Progress: MARSELLA (941106) -> FETCH SUCCESS
2026-06-07 21:40:45,386 [Worker 5] [INFO] [413/420] Progress: LUXEMBURGO (942001) -> FETCH SUCCESS
2026-06-07 21:40:47,646 [Worker 5] [INFO] [414/420] Progress: BOLONIA (941701) -> FETCH SUCCESS
2026-06-07 21:40:49,411 [Worker 5] [INFO] [415/420] Progress: MILÁN (941706) -> FETCH SUCCESS
2026-06-07 21:40:51,682 [Worker 5] [INFO] [416/420] Progress: TURÍN (941711) -> FETCH SUCCESS
2026-06-07 21:40:58,816 [Worker 5] [INFO] [417/420] Progress: LISBOA (942502) -> FETCH SUCCESS
2026-06-07 21:41:00,984 [Worker 5] [INFO] [418/420] Progress: MOSCÚ (942901) -> FETCH SUCCESS
2026-06-07 21:41:03,440 [Worker 5] [INFO] [419/420] Progress: GINEBRA (942803) -> FETCH SUCCESS
2026-06-07 21:41:05,488 [Worker 5] [INFO] [420/420] Progress: SÍDNEY (950105) -> FETCH SUCCESS
2026-06-07 21:41:05,489 [Worker 5] [INFO] Atomic update finalized. Data safely committed.
2026-06-07 22:05:14,164 [Worker 5] [INFO] Strategy: [Method 2] Bypassing exactly 100% items. Updating active counts.
2026-06-07 22:05:16,037 [Worker 5] [INFO] [1/420] Progress: IMAZA (010206) -> FETCH SUCCESS
2026-06-07 22:05:17,751 [Worker 5] [INFO] [4/420] Progress: BALSAS (010103) -> FETCH SUCCESS
2026-06-07 22:05:19,893 [Worker 5] [INFO] [5/420] Progress: GRANADA (010107) -> FETCH SUCCESS
2026-06-07 22:05:21,532 [Worker 5] [INFO] [7/420] Progress: QUINJALCA (010117) -> FETCH SUCCESS
2026-06-07 22:05:23,232 [Worker 5] [INFO] [8/420] Progress: EL CENEPA (010603) -> FETCH SUCCESS
2026-06-07 22:05:25,739 [Worker 5] [INFO] [9/420] Progress: COLCAMAR (010404) -> FETCH SUCCESS
2026-06-07 22:05:27,651 [Worker 5] [INFO] [10/420] Progress: LONYA CHICO (010408) -> FETCH SUCCESS
2026-06-07 22:05:29,314 [Worker 5] [INFO] [11/420] Progress: OCUMAL (010413) -> FETCH SUCCESS
2026-06-07 22:05:31,014 [Worker 5] [INFO] [12/420] Progress: SAN JERÓNIMO (010417) -> FETCH SUCCESS
2026-06-07 22:05:32,591 [Worker 5] [INFO] [13/420] Progress: TRITA (010422) -> FETCH SUCCESS
2026-06-07 22:05:34,859 [Worker 5] [INFO] [14/420] Progress: LONGAR (010506) -> FETCH SUCCESS
2026-06-07 22:05:36,792 [Worker 5] [INFO] [15/420] Progress: SANTA ROSA (010510) -> FETCH SUCCESS
2026-06-07 22:05:38,575 [Worker 5] [INFO] [16/420] Progress: CUMBA (010703) -> FETCH SUCCESS
2026-06-07 22:05:40,823 [Worker 5] [INFO] [17/420] Progress: AIJA (020201) -> FETCH SUCCESS
2026-06-07 22:05:42,934 [Worker 5] [INFO] [18/420] Progress: ACZO (021602) -> FETCH SUCCESS
2026-06-07 22:05:44,281 [Worker 5] [INFO] [19/420] Progress: SAN JUAN DE RONTOY (021606) -> FETCH SUCCESS
2026-06-07 22:05:46,417 [Worker 5] [INFO] [20/420] Progress: AQUIA (020304) -> FETCH SUCCESS
2026-06-07 22:05:47,893 [Worker 5] [INFO] [21/420] Progress: HUALLANCA (020325) -> FETCH SUCCESS
2026-06-07 22:05:50,135 [Worker 5] [INFO] [22/420] Progress: PACLLON (020315) -> FETCH SUCCESS
2026-06-07 22:05:52,074 [Worker 5] [INFO] [23/420] Progress: ANTA (020404) -> FETCH SUCCESS
2026-06-07 22:05:54,198 [Worker 5] [INFO] [24/420] Progress: SAN MIGUEL DE ACO (020408) -> FETCH SUCCESS
2026-06-07 22:05:56,368 [Worker 5] [INFO] [25/420] Progress: SAN NICOLÁS (021703) -> FETCH SUCCESS
2026-06-07 22:05:57,987 [Worker 5] [INFO] [26/420] Progress: YAUTAN (020505) -> FETCH SUCCESS
2026-06-07 22:06:00,028 [Worker 5] [INFO] [27/420] Progress: LA PAMPA (020605) -> FETCH SUCCESS
2026-06-07 22:06:01,835 [Worker 5] [INFO] [28/420] Progress: HUANCHAY (020105) -> FETCH SUCCESS
2026-06-07 22:06:03,521 [Worker 5] [INFO] [29/420] Progress: OLLEROS (020108) -> FETCH SUCCESS
2026-06-07 22:06:05,081 [Worker 5] [INFO] [30/420] Progress: ANRA (020816) -> FETCH SUCCESS
2026-06-07 22:06:06,532 [Worker 5] [INFO] [31/420] Progress: HUACHIS (020805) -> FETCH SUCCESS
2026-06-07 22:06:08,739 [Worker 5] [INFO] [32/420] Progress: PONTO (020810) -> FETCH SUCCESS
2026-06-07 22:06:10,612 [Worker 5] [INFO] [33/420] Progress: UCO (020815) -> FETCH SUCCESS
2026-06-07 22:06:13,315 [Worker 5] [INFO] [34/420] Progress: MALVAS (021904) -> FETCH SUCCESS
2026-06-07 22:06:22,565 [Worker 5] [INFO] [35/420] Progress: MATO (020705) -> FETCH SUCCESS
2026-06-07 22:06:24,826 [Worker 5] [INFO] [36/420] Progress: YURACMARCA (020709) -> FETCH SUCCESS
2026-06-07 22:06:27,044 [Worker 5] [INFO] [37/420] Progress: LLUMPA (020906) -> FETCH SUCCESS
2026-06-07 22:06:28,670 [Worker 5] [INFO] [38/420] Progress: CAJAMARQUILLA (022002) -> FETCH SUCCESS
2026-06-07 22:06:30,560 [Worker 5] [INFO] [39/420] Progress: OCROS (022007) -> FETCH SUCCESS
2026-06-07 22:06:32,516 [Worker 5] [INFO] [40/420] Progress: CABANA (021001) -> FETCH SUCCESS
2026-06-07 22:06:34,318 [Worker 5] [INFO] [41/420] Progress: LLAPO (021007) -> FETCH SUCCESS
2026-06-07 22:06:36,388 [Worker 5] [INFO] [42/420] Progress: HUAYLLAN (021102) -> FETCH SUCCESS
2026-06-07 22:06:38,948 [Worker 5] [INFO] [43/420] Progress: COTAPARACO (021202) -> FETCH SUCCESS
2026-06-07 22:06:40,965 [Worker 5] [INFO] [44/420] Progress: PARARIN (021206) -> FETCH SUCCESS
2026-06-07 22:06:42,532 [Worker 5] [INFO] [45/420] Progress: CHIMBOTE (021301) -> FETCH SUCCESS
2026-06-07 22:06:44,559 [Worker 5] [INFO] [46/420] Progress: NUEVO CHIMBOTE (021309) -> FETCH SUCCESS
2026-06-07 22:06:51,254 [Worker 5] [INFO] [47/420] Progress: CASHAPAMPA (021408) -> FETCH SUCCESS
2026-06-07 22:06:53,148 [Worker 5] [INFO] [48/420] Progress: SAN JUAN (021410) -> FETCH SUCCESS
2026-06-07 22:06:54,794 [Worker 5] [INFO] [50/420] Progress: YUNGAY (021501) -> FETCH SUCCESS
2026-06-07 22:06:56,971 [Worker 5] [INFO] [51/420] Progress: HUANIPACA (030105) -> FETCH SUCCESS
2026-06-07 22:06:59,127 [Worker 5] [INFO] [52/420] Progress: ANDAHUAYLAS (030301) -> FETCH SUCCESS
2026-06-07 22:07:00,753 [Worker 5] [INFO] [53/420] Progress: HUAYANA (030317) -> FETCH SUCCESS
2026-06-07 22:07:02,399 [Worker 5] [INFO] [54/420] Progress: PACUCHA (030313) -> FETCH SUCCESS
2026-06-07 22:07:04,298 [Worker 5] [INFO] [55/420] Progress: SAN MIGUEL DE CHACCRAMPA (030318) -> FETCH SUCCESS
2026-06-07 22:07:06,699 [Worker 5] [INFO] [56/420] Progress: ANTABAMBA (030401) -> FETCH SUCCESS
2026-06-07 22:07:08,203 [Worker 5] [INFO] [57/420] Progress: PACHACONAS (030406) -> FETCH SUCCESS
2026-06-07 22:07:10,385 [Worker 5] [INFO] [58/420] Progress: CHAPIMARCA (030206) -> FETCH SUCCESS
2026-06-07 22:07:12,493 [Worker 5] [INFO] [59/420] Progress: LUCRE (030208) -> FETCH SUCCESS
2026-06-07 22:07:14,596 [Worker 5] [INFO] [60/420] Progress: TAPAIRIHUA (030212) -> FETCH SUCCESS
2026-06-07 22:07:16,735 [Worker 5] [INFO] [61/420] Progress: ANCO HUALLO (030705) -> FETCH SUCCESS
2026-06-07 22:07:22,537 [Worker 5] [INFO] [62/420] Progress: LOS CHANKAS (030711) -> FETCH SUCCESS
2026-06-07 22:07:24,172 [Worker 5] [INFO] [63/420] Progress: URANMARCA (030707) -> FETCH SUCCESS
2026-06-07 22:07:26,091 [Worker 5] [INFO] [64/420] Progress: MARA (030505) -> FETCH SUCCESS
2026-06-07 22:07:32,489 [Worker 5] [INFO] [65/420] Progress: GAMARRA (030605) -> FETCH SUCCESS
2026-06-07 22:07:34,233 [Worker 5] [INFO] [66/420] Progress: PROGRESO (030607) -> FETCH SUCCESS
2026-06-07 22:07:42,850 [Worker 5] [INFO] [67/420] Progress: VIRUNDO (030612) -> FETCH SUCCESS
2026-06-07 22:07:44,480 [Worker 5] [INFO] [68/420] Progress: CHARACATO (040104) -> FETCH SUCCESS
2026-06-07 22:07:54,542 [Worker 5] [INFO] [69/420] Progress: MARIANO MELGAR (040126) -> FETCH SUCCESS
2026-06-07 22:07:56,919 [Worker 5] [INFO] [70/420] Progress: POLOBAYA (040111) -> FETCH SUCCESS
2026-06-07 22:07:58,924 [Worker 5] [INFO] [71/420] Progress: SAN JUAN DE TARUCANI (040116) -> FETCH SUCCESS
2026-06-07 22:08:01,075 [Worker 5] [INFO] [72/420] Progress: UCHUMAYO (040121) -> FETCH SUCCESS
2026-06-07 22:08:02,520 [Worker 5] [INFO] [73/420] Progress: CAMANÁ (040301) -> FETCH SUCCESS
2026-06-07 22:08:04,454 [Worker 5] [INFO] [74/420] Progress: OCOÑA (040306) -> FETCH SUCCESS
2026-06-07 22:08:06,759 [Worker 5] [INFO] [75/420] Progress: ATIQUIPA (040404) -> FETCH SUCCESS
2026-06-07 22:08:08,702 [Worker 5] [INFO] [76/420] Progress: CHAPARRA (040408) -> FETCH SUCCESS
2026-06-07 22:08:10,574 [Worker 5] [INFO] [77/420] Progress: YAUCA (040413) -> FETCH SUCCESS
2026-06-07 22:08:12,378 [Worker 5] [INFO] [78/420] Progress: CHILCAYMARCA (040505) -> FETCH SUCCESS
2026-06-07 22:08:14,525 [Worker 5] [INFO] [79/420] Progress: PAMPACOLCA (040510) -> FETCH SUCCESS
2026-06-07 22:08:17,044 [Worker 5] [INFO] [80/420] Progress: ACHOMA (040202) -> FETCH SUCCESS
2026-06-07 22:08:18,377 [Worker 5] [INFO] [81/420] Progress: COPORAQUE (040206) -> FETCH SUCCESS
2026-06-07 22:08:20,346 [Worker 5] [INFO] [82/420] Progress: LLUTA (040211) -> FETCH SUCCESS
2026-06-07 22:08:22,132 [Worker 5] [INFO] [83/420] Progress: SIBAYO (040215) -> FETCH SUCCESS
2026-06-07 22:08:23,797 [Worker 5] [INFO] [84/420] Progress: ANDARAY (040602) -> FETCH SUCCESS
2026-06-07 22:08:25,295 [Worker 5] [INFO] [85/420] Progress: RÍO GRANDE (040608) -> FETCH SUCCESS
2026-06-07 22:08:27,753 [Worker 5] [INFO] [86/420] Progress: ISLAY (040704) -> FETCH SUCCESS
2026-06-07 22:08:29,454 [Worker 5] [INFO] [87/420] Progress: CHARCANA (040803) -> FETCH SUCCESS
2026-06-07 22:08:31,279 [Worker 5] [INFO] [88/420] Progress: QUECHUALLA (040807) -> FETCH SUCCESS
2026-06-07 22:08:32,804 [Worker 5] [INFO] [90/420] Progress: TOTOS (050208) -> FETCH SUCCESS
2026-06-07 22:08:34,229 [Worker 5] [INFO] [92/420] Progress: QUINUA (050105) -> FETCH SUCCESS
2026-06-07 22:08:36,280 [Worker 5] [INFO] [93/420] Progress: TAMBILLO (050110) -> FETCH SUCCESS
2026-06-07 22:08:37,921 [Worker 5] [INFO] [94/420] Progress: SANTIAGO DE LUCANAMARCA (050803) -> FETCH SUCCESS
2026-06-07 22:08:39,775 [Worker 5] [INFO] [96/420] Progress: PUTIS (050314) -> FETCH SUCCESS
2026-06-07 22:08:41,710 [Worker 5] [INFO] [97/420] Progress: ANCO (050402) -> FETCH SUCCESS
2026-06-07 22:08:43,514 [Worker 5] [INFO] [98/420] Progress: NINABAMBA (050414) -> FETCH SUCCESS
2026-06-07 22:08:45,927 [Worker 5] [INFO] [99/420] Progress: SAN MIGUEL (050401) -> FETCH SUCCESS
2026-06-07 22:08:47,695 [Worker 5] [INFO] [100/420] Progress: CABANA (050503) -> FETCH SUCCESS
2026-06-07 22:08:49,518 [Worker 5] [INFO] [101/420] Progress: LARAMATE (050511) -> FETCH SUCCESS
2026-06-07 22:08:51,866 [Worker 5] [INFO] [102/420] Progress: OTOCA (050517) -> FETCH SUCCESS
2026-06-07 22:08:53,807 [Worker 5] [INFO] [105/420] Progress: PUYUSCA (050612) -> FETCH SUCCESS
2026-06-07 22:08:56,009 [Worker 5] [INFO] [106/420] Progress: LAMPA (051004) -> FETCH SUCCESS
2026-06-07 22:08:57,908 [Worker 5] [INFO] [107/420] Progress: SAN JAVIER DE ALPABAMBA (051008) -> FETCH SUCCESS
2026-06-07 22:08:59,648 [Worker 5] [INFO] [108/420] Progress: CHILCAYOC (051110) -> FETCH SUCCESS
2026-06-07 22:09:02,004 [Worker 5] [INFO] [109/420] Progress: SAN PEDRO DE LARCAY (051107) -> FETCH SUCCESS
2026-06-07 22:09:04,564 [Worker 5] [INFO] [110/420] Progress: APONGO (050703) -> FETCH SUCCESS
2026-06-07 22:09:05,797 [Worker 5] [INFO] [111/420] Progress: HUALLA (050708) -> FETCH SUCCESS
2026-06-07 22:09:07,816 [Worker 5] [INFO] [112/420] Progress: VILCANCHOS (050714) -> FETCH SUCCESS
2026-06-07 22:09:09,201 [Worker 5] [INFO] [113/420] Progress: INDEPENDENCIA (050908) -> FETCH SUCCESS
2026-06-07 22:09:10,704 [Worker 5] [INFO] [114/420] Progress: CAJABAMBA (060201) -> FETCH SUCCESS
2026-06-07 22:09:12,712 [Worker 5] [INFO] [115/420] Progress: CHETILLA (060104) -> FETCH SUCCESS
2026-06-07 22:09:14,858 [Worker 5] [INFO] [116/420] Progress: LOS BAÑOS DEL INCA (060107) -> FETCH SUCCESS
2026-06-07 22:09:17,392 [Worker 5] [INFO] [117/420] Progress: CELENDÍN (060301) -> FETCH SUCCESS
2026-06-07 22:09:19,396 [Worker 5] [INFO] [118/420] Progress: JOSÉ GÁLVEZ (060306) -> FETCH SUCCESS
2026-06-07 22:09:21,561 [Worker 5] [INFO] [119/420] Progress: SUCRE (060310) -> FETCH SUCCESS
2026-06-07 22:09:22,764 [Worker 5] [INFO] [120/420] Progress: CHIGUIRIP (060606) -> FETCH SUCCESS
2026-06-07 22:09:24,178 [Worker 5] [INFO] [121/420] Progress: CONCHÁN (060604) -> FETCH SUCCESS
2026-06-07 22:09:26,189 [Worker 5] [INFO] [122/420] Progress: PACCHA (060612) -> FETCH SUCCESS
2026-06-07 22:09:28,453 [Worker 5] [INFO] [123/420] Progress: TOCMOCHE (060616) -> FETCH SUCCESS
2026-06-07 22:09:30,319 [Worker 5] [INFO] [124/420] Progress: SAN BENITO (060405) -> FETCH SUCCESS
2026-06-07 22:09:32,417 [Worker 5] [INFO] [125/420] Progress: CHOROS (060504) -> FETCH SUCCESS
2026-06-07 22:09:41,671 [Worker 5] [INFO] [126/420] Progress: QUEROCOTILLO (060507) -> FETCH SUCCESS
2026-06-07 22:09:43,476 [Worker 5] [INFO] [127/420] Progress: SANTO DOMINGO DE LA CAPILLA (060512) -> FETCH SUCCESS
2026-06-07 22:09:45,422 [Worker 5] [INFO] [128/420] Progress: CHUGUR (060702) -> FETCH SUCCESS
2026-06-07 22:09:47,367 [Worker 5] [INFO] [129/420] Progress: HUABAL (060812) -> FETCH SUCCESS
2026-06-07 22:09:48,699 [Worker 5] [INFO] [130/420] Progress: SALLIQUE (060807) -> FETCH SUCCESS
2026-06-07 22:09:50,983 [Worker 5] [INFO] [131/420] Progress: HUARANGO (061103) -> FETCH SUCCESS
2026-06-07 22:09:52,867 [Worker 5] [INFO] [132/420] Progress: TABACONAS (061107) -> FETCH SUCCESS
2026-06-07 22:09:54,680 [Worker 5] [INFO] [133/420] Progress: JOSÉ MANUEL QUIRÓZ (061204) -> FETCH SUCCESS
2026-06-07 22:09:56,504 [Worker 5] [INFO] [134/420] Progress: CATILLUC (061012) -> FETCH SUCCESS
2026-06-07 22:09:58,528 [Worker 5] [INFO] [135/420] Progress: NIEPOS (061006) -> FETCH SUCCESS
2026-06-07 22:10:00,236 [Worker 5] [INFO] [136/420] Progress: UNIÓN AGUA BLANCA (061010) -> FETCH SUCCESS
2026-06-07 22:10:02,673 [Worker 5] [INFO] [137/420] Progress: ANDABAMBA (060910) -> FETCH SUCCESS
2026-06-07 22:10:04,673 [Worker 5] [INFO] [138/420] Progress: PULÁN (060906) -> FETCH SUCCESS
2026-06-07 22:10:06,107 [Worker 5] [INFO] [139/420] Progress: YAUYUCAN (060909) -> FETCH SUCCESS
2026-06-07 22:10:07,437 [Worker 5] [INFO] [140/420] Progress: LA PUNTA (240103) -> FETCH SUCCESS
2026-06-07 22:10:09,090 [Worker 5] [INFO] [141/420] Progress: ACOS (070203) -> FETCH SUCCESS
2026-06-07 22:10:11,022 [Worker 5] [INFO] [142/420] Progress: ANCAHUASI (070309) -> FETCH SUCCESS
2026-06-07 22:10:20,882 [Worker 5] [INFO] [143/420] Progress: LIMATAMBO (070304) -> FETCH SUCCESS
2026-06-07 22:10:22,968 [Worker 5] [INFO] [144/420] Progress: COYA (070402) -> FETCH SUCCESS
2026-06-07 22:10:24,882 [Worker 5] [INFO] [145/420] Progress: TARAY (070407) -> FETCH SUCCESS
2026-06-07 22:10:26,664 [Worker 5] [INFO] [146/420] Progress: LAYO (070505) -> FETCH SUCCESS
2026-06-07 22:10:28,337 [Worker 5] [INFO] [147/420] Progress: CHECACUPE (070603) -> FETCH SUCCESS
2026-06-07 22:10:30,171 [Worker 5] [INFO] [148/420] Progress: SAN PEDRO (070607) -> FETCH SUCCESS
2026-06-07 22:10:32,374 [Worker 5] [INFO] [149/420] Progress: COLQUEMARCA (070703) -> FETCH SUCCESS
2026-06-07 22:10:34,040 [Worker 5] [INFO] [150/420] Progress: VELILLE (070708) -> FETCH SUCCESS
2026-06-07 22:10:35,763 [Worker 5] [INFO] [151/420] Progress: SAN SEBASTIÁN (070105) -> FETCH SUCCESS
2026-06-07 22:10:37,749 [Worker 5] [INFO] [152/420] Progress: CONDOROMA (070802) -> FETCH SUCCESS
2026-06-07 22:10:39,694 [Worker 5] [INFO] [153/420] Progress: PICHIGUA (070806) -> FETCH SUCCESS
2026-06-07 22:10:41,640 [Worker 5] [INFO] [154/420] Progress: INKAWASI (070911) -> FETCH SUCCESS
2026-06-07 22:10:43,688 [Worker 5] [INFO] [155/420] Progress: MEGANTONI (070915) -> FETCH SUCCESS
2026-06-07 22:10:45,326 [Worker 5] [INFO] [156/420] Progress: SANTA TERESA (070906) -> FETCH SUCCESS
2026-06-07 22:10:47,257 [Worker 5] [INFO] [157/420] Progress: ACCHA (071002) -> FETCH SUCCESS
2026-06-07 22:10:49,320 [Worker 5] [INFO] [158/420] Progress: PACCARITAMBO (071008) -> FETCH SUCCESS
2026-06-07 22:10:51,085 [Worker 5] [INFO] [159/420] Progress: CHALLABAMBA (071104) -> FETCH SUCCESS
2026-06-07 22:10:51,085 [Worker 5] [INFO] [160/420] Check: ANDAHUAYLILLAS (071202) -> BYPASSED
2026-06-07 22:10:53,237 [Worker 5] [INFO] [162/420] Progress: QUIQUIJANA (071212) -> FETCH SUCCESS
2026-06-07 22:10:55,054 [Worker 5] [INFO] [163/420] Progress: MARAS (071305) -> FETCH SUCCESS
2026-06-07 22:10:57,614 [Worker 5] [INFO] [164/420] Progress: ANDABAMBA (080203) -> FETCH SUCCESS
2026-06-07 22:10:59,393 [Worker 5] [INFO] [165/420] Progress: POMACOCHA (080207) -> FETCH SUCCESS
2026-06-07 22:11:01,813 [Worker 5] [INFO] [166/420] Progress: CHINCHO (080305) -> FETCH SUCCESS
2026-06-07 22:11:03,802 [Worker 5] [INFO] [168/420] Progress: AURAHUA (080403) -> FETCH SUCCESS
2026-06-07 22:11:04,973 [Worker 5] [INFO] [169/420] Progress: HUACHOS (080409) -> FETCH SUCCESS
2026-06-07 22:11:06,530 [Worker 5] [INFO] [170/420] Progress: TANTARA (080427) -> FETCH SUCCESS
2026-06-07 22:11:08,269 [Worker 5] [INFO] [171/420] Progress: COSME (080711) -> FETCH SUCCESS
2026-06-07 22:11:09,865 [Worker 5] [INFO] [172/420] Progress: PAUCARBAMBA (080707) -> FETCH SUCCESS
2026-06-07 22:11:11,745 [Worker 5] [INFO] [174/420] Progress: HUANDO (080120) -> FETCH SUCCESS
2026-06-07 22:11:14,147 [Worker 5] [INFO] [175/420] Progress: MARISCAL CÁCERES (080112) -> FETCH SUCCESS
2026-06-07 22:11:16,182 [Worker 5] [INFO] [176/420] Progress: VILCA (080117) -> FETCH SUCCESS
2026-06-07 22:11:18,606 [Worker 5] [INFO] [178/420] Progress: QUITO-ARMA (080609) -> FETCH SUCCESS
2026-06-07 22:11:20,480 [Worker 5] [INFO] [179/420] Progress: SANTIAGO DE QUIRAHUARA (080614) -> FETCH SUCCESS
2026-06-07 22:11:22,005 [Worker 5] [INFO] [180/420] Progress: AHUAYCHA (080504) -> FETCH SUCCESS
2026-06-07 22:11:23,578 [Worker 5] [INFO] [181/420] Progress: HUACHOCOLPA (080511) -> FETCH SUCCESS
2026-06-07 22:11:24,679 [Worker 5] [INFO] [182/420] Progress: PAZOS (080517) -> FETCH SUCCESS
2026-06-07 22:11:26,858 [Worker 5] [INFO] [183/420] Progress: SALCABAMBA (080519) -> FETCH SUCCESS
2026-06-07 22:11:29,052 [Worker 5] [INFO] [184/420] Progress: TINTAY PUNCU (080525) -> FETCH SUCCESS
2026-06-07 22:11:30,825 [Worker 5] [INFO] [185/420] Progress: HUACAR (090205) -> FETCH SUCCESS
2026-06-07 22:11:33,085 [Worker 5] [INFO] [186/420] Progress: LA UNIÓN (090301) -> FETCH SUCCESS
2026-06-07 22:11:34,505 [Worker 5] [INFO] [187/420] Progress: SHUNQUI (090321) -> FETCH SUCCESS
2026-06-07 22:11:35,857 [Worker 5] [INFO] [188/420] Progress: HUACAYBAMBA (090901) -> FETCH SUCCESS
2026-06-07 22:11:37,448 [Worker 5] [INFO] [189/420] Progress: JIRCÁN (090405) -> FETCH SUCCESS
2026-06-07 22:11:39,913 [Worker 5] [INFO] [191/420] Progress: CHURUBAMBA (090103) -> FETCH SUCCESS
2026-06-07 22:11:41,240 [Worker 5] [INFO] [192/420] Progress: SAN FRANCISCO DE CAYRÁN (090106) -> FETCH SUCCESS
2026-06-07 22:11:42,670 [Worker 5] [INFO] [193/420] Progress: YARUMAYO (090109) -> FETCH SUCCESS
2026-06-07 22:11:44,459 [Worker 5] [INFO] [194/420] Progress: RONDOS (091006) -> FETCH SUCCESS
2026-06-07 22:11:46,680 [Worker 5] [INFO] [196/420] Progress: PUEBLO NUEVO (090609) -> FETCH SUCCESS
2026-06-07 22:11:48,713 [Worker 5] [INFO] [197/420] Progress: LA MORADA (090506) -> FETCH SUCCESS
2026-06-07 22:11:51,196 [Worker 5] [INFO] [198/420] Progress: PANAO (090701) -> FETCH SUCCESS
2026-06-07 22:11:52,912 [Worker 5] [INFO] [199/420] Progress: TOURNAVISTA (090804) -> FETCH SUCCESS
2026-06-07 22:11:52,912 [Worker 5] [INFO] [200/420] Check: CHAVINILLO (091101) -> BYPASSED
2026-06-07 22:11:54,511 [Worker 5] [INFO] [201/420] Progress: ALTO LARAN (100209) -> FETCH SUCCESS
2026-06-07 22:12:02,547 [Worker 5] [INFO] [202/420] Progress: GROCIO PRADO (100205) -> FETCH SUCCESS
2026-06-07 22:12:03,835 [Worker 5] [INFO] [204/420] Progress: PACHACUTEC (100113) -> FETCH SUCCESS
2026-06-07 22:12:06,023 [Worker 5] [INFO] [205/420] Progress: SAN JUAN BAUTISTA (100108) -> FETCH SUCCESS
2026-06-07 22:12:07,727 [Worker 5] [INFO] [206/420] Progress: CHANGUILLO (100302) -> FETCH SUCCESS
2026-06-07 22:12:09,973 [Worker 5] [INFO] [207/420] Progress: LLIPATA (100502) -> FETCH SUCCESS
2026-06-07 22:12:12,273 [Worker 5] [INFO] [208/420] Progress: HUANCANO (100402) -> FETCH SUCCESS
2026-06-07 22:12:13,698 [Worker 5] [INFO] [209/420] Progress: SAN ANDRÉS (100406) -> FETCH SUCCESS
2026-06-07 22:12:16,156 [Worker 5] [INFO] [210/420] Progress: PICHANAQUI (110805) -> FETCH SUCCESS
2026-06-07 22:12:18,090 [Worker 5] [INFO] [212/420] Progress: SAN JUAN DE JARPA (110907) -> FETCH SUCCESS
2026-06-07 22:12:19,432 [Worker 5] [INFO] [213/420] Progress: CHAMBARA (110206) -> FETCH SUCCESS
2026-06-07 22:12:36,124 [Worker 5] [INFO] [214/420] Progress: MANZANARES (110208) -> FETCH SUCCESS
2026-06-07 22:12:38,203 [Worker 5] [INFO] [215/420] Progress: ORCOTUNA (110213) -> FETCH SUCCESS
2026-06-07 22:12:40,629 [Worker 5] [INFO] [216/420] Progress: CHICCHE (110107) -> FETCH SUCCESS
2026-06-07 22:12:42,066 [Worker 5] [INFO] [217/420] Progress: CULLHUAS (110105) -> FETCH SUCCESS
2026-06-07 22:12:43,889 [Worker 5] [INFO] [218/420] Progress: HUANCAYO (110101) -> FETCH SUCCESS
2026-06-07 22:12:45,759 [Worker 5] [INFO] [219/420] Progress: PILCOMAYO (110123) -> FETCH SUCCESS
2026-06-07 22:12:47,771 [Worker 5] [INFO] [220/420] Progress: SAN JERÓNIMO DE TUNÁN (110128) -> FETCH SUCCESS
2026-06-07 22:12:50,152 [Worker 5] [INFO] [223/420] Progress: JANJAILLO (110310) -> FETCH SUCCESS
2026-06-07 22:12:51,892 [Worker 5] [INFO] [228/420] Progress: CARHUAMAYO (110402) -> FETCH SUCCESS
2026-06-07 22:12:53,838 [Worker 5] [INFO] [229/420] Progress: LLAYLLA (110703) -> FETCH SUCCESS
2026-06-07 22:12:55,477 [Worker 5] [INFO] [230/420] Progress: RÍO TAMBO (110708) -> FETCH SUCCESS
2026-06-07 22:12:57,267 [Worker 5] [INFO] [231/420] Progress: HUASAHUASI (110504) -> FETCH SUCCESS
2026-06-07 22:12:59,528 [Worker 5] [INFO] [233/420] Progress: MARCAPOMACOCHA (110604) -> FETCH SUCCESS
2026-06-07 22:13:01,748 [Worker 5] [INFO] [234/420] Progress: SUITUCANCHA (110608) -> FETCH SUCCESS
2026-06-07 22:13:03,818 [Worker 5] [INFO] [235/420] Progress: CHOCOPE (120803) -> FETCH SUCCESS
2026-06-07 22:13:05,820 [Worker 5] [INFO] [236/420] Progress: BAMBAMARCA (120202) -> FETCH SUCCESS
2026-06-07 22:13:08,313 [Worker 5] [INFO] [237/420] Progress: UCUNCHA (120205) -> FETCH SUCCESS
2026-06-07 22:13:10,631 [Worker 5] [INFO] [238/420] Progress: LUCMA (121102) -> FETCH SUCCESS
2026-06-07 22:13:12,410 [Worker 5] [INFO] [239/420] Progress: HUASO (121004) -> FETCH SUCCESS
2026-06-07 22:13:13,836 [Worker 5] [INFO] [240/420] Progress: LA CUESTA (120405) -> FETCH SUCCESS
2026-06-07 22:13:15,343 [Worker 5] [INFO] [241/420] Progress: SINSICAP (120410) -> FETCH SUCCESS
2026-06-07 22:13:16,694 [Worker 5] [INFO] [242/420] Progress: SAN JOSÉ (120508) -> FETCH SUCCESS
2026-06-07 22:13:23,994 [Worker 5] [INFO] [244/420] Progress: PIÁS (120610) -> FETCH SUCCESS
2026-06-07 22:13:25,889 [Worker 5] [INFO] [245/420] Progress: CHUGAY (120304) -> FETCH SUCCESS
2026-06-07 22:13:27,449 [Worker 5] [INFO] [246/420] Progress: SANAGORÁN (120306) -> FETCH SUCCESS
2026-06-07 22:13:29,397 [Worker 5] [INFO] [247/420] Progress: MOLLEBAMBA (120703) -> FETCH SUCCESS
2026-06-07 22:13:31,362 [Worker 5] [INFO] [248/420] Progress: SITABAMBA (120707) -> FETCH SUCCESS
2026-06-07 22:13:38,060 [Worker 5] [INFO] [249/420] Progress: LA ESPERANZA (120111) -> FETCH SUCCESS
2026-06-07 22:13:40,279 [Worker 5] [INFO] [250/420] Progress: SIMBAL (120106) -> FETCH SUCCESS
2026-06-07 22:13:42,288 [Worker 5] [INFO] [251/420] Progress: VIRÚ (121201) -> FETCH SUCCESS
2026-06-07 22:13:44,370 [Worker 5] [INFO] [252/420] Progress: ETEN PUERTO (130104) -> FETCH SUCCESS
2026-06-07 22:13:45,961 [Worker 5] [INFO] [253/420] Progress: NUEVA ARICA (130107) -> FETCH SUCCESS
2026-06-07 22:13:48,350 [Worker 5] [INFO] [254/420] Progress: POMALCA (130118) -> FETCH SUCCESS
2026-06-07 22:13:49,852 [Worker 5] [INFO] [255/420] Progress: TUMÁN (130120) -> FETCH SUCCESS
2026-06-07 22:13:51,319 [Worker 5] [INFO] [256/420] Progress: PITIPO (130204) -> FETCH SUCCESS
2026-06-07 22:13:53,233 [Worker 5] [INFO] [257/420] Progress: LAMBAYEQUE (130301) -> FETCH SUCCESS
2026-06-07 22:13:55,304 [Worker 5] [INFO] [258/420] Progress: PACORA (130309) -> FETCH SUCCESS
2026-06-07 22:13:56,901 [Worker 5] [INFO] [259/420] Progress: PARAMONGA (140902) -> FETCH SUCCESS
2026-06-07 22:13:58,236 [Worker 5] [INFO] [260/420] Progress: COPA (140205) -> FETCH SUCCESS
2026-06-07 22:14:00,292 [Worker 5] [INFO] [261/420] Progress: CANTA (140301) -> FETCH SUCCESS
2026-06-07 22:14:02,303 [Worker 5] [INFO] [262/420] Progress: SANTA ROSA DE QUIVES (140307) -> FETCH SUCCESS
2026-06-07 22:14:03,982 [Worker 5] [INFO] [263/420] Progress: COAYLLO (140404) -> FETCH SUCCESS
2026-06-07 22:14:05,827 [Worker 5] [INFO] [264/420] Progress: PACARAN (140410) -> FETCH SUCCESS
2026-06-07 22:14:07,875 [Worker 5] [INFO] [265/420] Progress: SAN VICENTE DE CAÑETE (140401) -> FETCH SUCCESS
2026-06-07 22:14:09,991 [Worker 5] [INFO] [266/420] Progress: CHANCAY (140805) -> FETCH SUCCESS
2026-06-07 22:14:11,869 [Worker 5] [INFO] [267/420] Progress: SAN MIGUEL DE ACOS (140809) -> FETCH SUCCESS
2026-06-07 22:14:13,292 [Worker 5] [INFO] [269/420] Progress: HUANZA (140608) -> FETCH SUCCESS
2026-06-07 22:14:15,094 [Worker 5] [INFO] [270/420] Progress: MATUCANA (140601) -> FETCH SUCCESS
2026-06-07 22:14:24,975 [Worker 5] [INFO] [271/420] Progress: SAN DAMIÁN (140617) -> FETCH SUCCESS
2026-06-07 22:14:26,715 [Worker 5] [INFO] [272/420] Progress: SAN MATEO (140621) -> FETCH SUCCESS
2026-06-07 22:14:28,176 [Worker 5] [INFO] [274/420] Progress: SURCO (140629) -> FETCH SUCCESS
2026-06-07 22:14:29,685 [Worker 5] [INFO] [276/420] Progress: SANTA MARÍA (140512) -> FETCH SUCCESS
2026-06-07 22:14:31,631 [Worker 5] [INFO] [277/420] Progress: BARRANCO (140125) -> FETCH SUCCESS
2026-06-07 22:14:40,480 [Worker 5] [INFO] [278/420] Progress: CIENEGUILLA (140139) -> FETCH SUCCESS
2026-06-07 22:14:42,023 [Worker 5] [INFO] [279/420] Progress: LA MOLINA (140110) -> FETCH SUCCESS
2026-06-07 22:14:44,126 [Worker 5] [INFO] [280/420] Progress: LURIGANCHO (140112) -> FETCH SUCCESS
2026-06-07 22:14:46,479 [Worker 5] [INFO] [281/420] Progress: PUCUSANA (140118) -> FETCH SUCCESS
2026-06-07 22:14:48,518 [Worker 5] [INFO] [282/420] Progress: RÍMAC (140122) -> FETCH SUCCESS
2026-06-07 22:14:50,410 [Worker 5] [INFO] [283/420] Progress: SAN JUAN DE MIRAFLORES (140136) -> FETCH SUCCESS
2026-06-07 22:14:51,762 [Worker 5] [INFO] [284/420] Progress: SANTA MARÍA DEL MAR (140128) -> FETCH SUCCESS
2026-06-07 22:14:53,936 [Worker 5] [INFO] [285/420] Progress: VILLA MARÍA DEL TRIUNFO (140132) -> FETCH SUCCESS
2026-06-07 22:14:56,286 [Worker 5] [INFO] [286/420] Progress: OYÓN (141001) -> FETCH SUCCESS
2026-06-07 22:14:58,562 [Worker 5] [INFO] [287/420] Progress: AZÁNGARO (140705) -> FETCH SUCCESS
2026-06-07 22:15:00,015 [Worker 5] [INFO] [288/420] Progress: COCHAS (140708) -> FETCH SUCCESS
2026-06-07 22:15:01,906 [Worker 5] [INFO] [289/420] Progress: HUANGASCAR (140713) -> FETCH SUCCESS
2026-06-07 22:15:03,855 [Worker 5] [INFO] [290/420] Progress: MADEAN (140731) -> FETCH SUCCESS
2026-06-07 22:15:05,777 [Worker 5] [INFO] [291/420] Progress: QUINOCAY (140721) -> FETCH SUCCESS
2026-06-07 22:15:07,495 [Worker 5] [INFO] [292/420] Progress: TOMÁS (140727) -> FETCH SUCCESS
2026-06-07 22:15:09,212 [Worker 5] [INFO] [293/420] Progress: BALSAPUERTO (150202) -> FETCH SUCCESS
2026-06-07 22:15:10,729 [Worker 5] [INFO] [294/420] Progress: YURIMAGUAS (150201) -> FETCH SUCCESS
2026-06-07 22:15:13,003 [Worker 5] [INFO] [295/420] Progress: MORONA (150705) -> FETCH SUCCESS
2026-06-07 22:15:15,136 [Worker 5] [INFO] [296/420] Progress: TROMPETEROS (150305) -> FETCH SUCCESS
2026-06-07 22:15:17,443 [Worker 5] [INFO] [297/420] Progress: SANTA ROSA DE LORETO (150605) -> FETCH SUCCESS
2026-06-07 22:15:19,556 [Worker 5] [INFO] [298/420] Progress: INDIANA (150110) -> FETCH SUCCESS
2026-06-07 22:15:21,450 [Worker 5] [INFO] [299/420] Progress: PUNCHANA (150111) -> FETCH SUCCESS
2026-06-07 22:15:23,957 [Worker 5] [INFO] [300/420] Progress: TENIENTE MANUEL CLAVERO (150903) -> FETCH SUCCESS
2026-06-07 22:15:26,007 [Worker 5] [INFO] [301/420] Progress: JENARO HERRERA (150410) -> FETCH SUCCESS
2026-06-07 22:15:27,439 [Worker 5] [INFO] [302/420] Progress: SOPLIN (150408) -> FETCH SUCCESS
2026-06-07 22:15:30,003 [Worker 5] [INFO] [303/420] Progress: PADRE MÁRQUEZ (150503) -> FETCH SUCCESS
2026-06-07 22:15:32,424 [Worker 5] [INFO] [304/420] Progress: HUEPETUHE (160204) -> FETCH SUCCESS
2026-06-07 22:15:34,257 [Worker 5] [INFO] [305/420] Progress: TAHUAMANÚ (160303) -> FETCH SUCCESS
2026-06-07 22:15:36,695 [Worker 5] [INFO] [306/420] Progress: CHOJATA (170203) -> FETCH SUCCESS
2026-06-07 22:15:38,503 [Worker 5] [INFO] [307/420] Progress: MATALAQUE (170207) -> FETCH SUCCESS
2026-06-07 22:15:40,447 [Worker 5] [INFO] [308/420] Progress: YUNGA (170211) -> FETCH SUCCESS
2026-06-07 22:15:42,456 [Worker 5] [INFO] [309/420] Progress: CUCHUMBAYA (170103) -> FETCH SUCCESS
2026-06-07 22:15:44,742 [Worker 5] [INFO] [310/420] Progress: TORATA (170105) -> FETCH SUCCESS
2026-06-07 22:15:53,347 [Worker 5] [INFO] [311/420] Progress: SANTA ANA DE TUSI (180206) -> FETCH SUCCESS
2026-06-07 22:16:01,334 [Worker 5] [INFO] [312/420] Progress: CONSTITUCIÓN (180308) -> FETCH SUCCESS
2026-06-07 22:16:03,386 [Worker 5] [INFO] [313/420] Progress: PUERTO BERMÚDEZ (180304) -> FETCH SUCCESS
2026-06-07 22:16:04,918 [Worker 5] [INFO] [314/420] Progress: HUAYLLAY (180105) -> FETCH SUCCESS
2026-06-07 22:16:07,203 [Worker 5] [INFO] [315/420] Progress: SIMÓN BOLÍVAR (180110) -> FETCH SUCCESS
2026-06-07 22:16:14,546 [Worker 5] [INFO] [316/420] Progress: AYABACA (190201) -> FETCH SUCCESS
2026-06-07 22:16:16,378 [Worker 5] [INFO] [317/420] Progress: PACAIPAMPA (190205) -> FETCH SUCCESS
2026-06-07 22:16:18,642 [Worker 5] [INFO] [318/420] Progress: CANCHAQUE (190302) -> FETCH SUCCESS
2026-06-07 22:16:20,380 [Worker 5] [INFO] [319/420] Progress: SAN MIGUEL DE EL FAIQUE (190307) -> FETCH SUCCESS
2026-06-07 22:16:22,653 [Worker 5] [INFO] [320/420] Progress: CHULUCANAS (190401) -> FETCH SUCCESS
2026-06-07 22:16:29,731 [Worker 5] [INFO] [321/420] Progress: SANTA CATALINA DE MOSSA (190406) -> FETCH SUCCESS
2026-06-07 22:16:31,747 [Worker 5] [INFO] [322/420] Progress: COLÁN (190505) -> FETCH SUCCESS
2026-06-07 22:16:34,077 [Worker 5] [INFO] [323/420] Progress: CASTILLA (190103) -> FETCH SUCCESS
2026-06-07 22:16:35,945 [Worker 5] [INFO] [324/420] Progress: LAS LOMAS (190107) -> FETCH SUCCESS
2026-06-07 22:16:37,176 [Worker 5] [INFO] [325/420] Progress: BELLAVISTA DE LA UNIÓN (190804) -> FETCH SUCCESS
2026-06-07 22:16:38,958 [Worker 5] [INFO] [326/420] Progress: VICE (190802) -> FETCH SUCCESS
2026-06-07 22:16:41,176 [Worker 5] [INFO] [327/420] Progress: MIGUEL CHECA (190605) -> FETCH SUCCESS
2026-06-07 22:16:43,669 [Worker 5] [INFO] [328/420] Progress: LA BREA (190703) -> FETCH SUCCESS
2026-06-07 22:16:45,004 [Worker 5] [INFO] [329/420] Progress: ACHAYA (200202) -> FETCH SUCCESS
2026-06-07 22:16:46,896 [Worker 5] [INFO] [330/420] Progress: CHUPA (200206) -> FETCH SUCCESS
2026-06-07 22:16:53,153 [Worker 5] [INFO] [331/420] Progress: SAN ANTON (200213) -> FETCH SUCCESS
2026-06-07 22:16:55,044 [Worker 5] [INFO] [332/420] Progress: AJOYANI (200302) -> FETCH SUCCESS
2026-06-07 22:16:57,377 [Worker 5] [INFO] [333/420] Progress: ITUATA (200307) -> FETCH SUCCESS
2026-06-07 22:16:59,336 [Worker 5] [INFO] [334/420] Progress: DESAGUADERO (200402) -> FETCH SUCCESS
2026-06-07 22:17:00,620 [Worker 5] [INFO] [335/420] Progress: POMATA (200407) -> FETCH SUCCESS
2026-06-07 22:17:02,896 [Worker 5] [INFO] [336/420] Progress: PILCUYO (201202) -> FETCH SUCCESS
2026-06-07 22:17:05,096 [Worker 5] [INFO] [337/420] Progress: INCHUPALLA (200504) -> FETCH SUCCESS
2026-06-07 22:17:06,770 [Worker 5] [INFO] [338/420] Progress: CABANILLA (200602) -> FETCH SUCCESS
2026-06-07 22:17:08,351 [Worker 5] [INFO] [339/420] Progress: PALCA (200606) -> FETCH SUCCESS
2026-06-07 22:17:10,162 [Worker 5] [INFO] [340/420] Progress: ANTAUTA (200702) -> FETCH SUCCESS
2026-06-07 22:17:11,997 [Worker 5] [INFO] [341/420] Progress: NUÑOA (200706) -> FETCH SUCCESS
2026-06-07 22:17:13,667 [Worker 5] [INFO] [342/420] Progress: HUAYRAPATA (201304) -> FETCH SUCCESS
2026-06-07 22:17:16,087 [Worker 5] [INFO] [343/420] Progress: ATUNCOLLA (200103) -> FETCH SUCCESS
2026-06-07 22:17:18,646 [Worker 5] [INFO] [344/420] Progress: MAÑAZO (200108) -> FETCH SUCCESS
2026-06-07 22:17:20,080 [Worker 5] [INFO] [345/420] Progress: SAN ANTONIO (200111) -> FETCH SUCCESS
2026-06-07 22:17:22,115 [Worker 5] [INFO] [346/420] Progress: PUTINA (201101) -> FETCH SUCCESS
2026-06-07 22:17:24,171 [Worker 5] [INFO] [347/420] Progress: LIMBANI (200804) -> FETCH SUCCESS
2026-06-07 22:17:25,960 [Worker 5] [INFO] [348/420] Progress: SAN JUAN DEL ORO (200808) -> FETCH SUCCESS
2026-06-07 22:17:32,774 [Worker 5] [INFO] [349/420] Progress: CARACOTO (200904) -> FETCH SUCCESS
2026-06-07 22:17:34,533 [Worker 5] [INFO] [351/420] Progress: ALTO BIAVO (210704) -> FETCH SUCCESS
2026-06-07 22:17:36,259 [Worker 5] [INFO] [352/420] Progress: SAN RAFAEL (210702) -> FETCH SUCCESS
2026-06-07 22:17:38,609 [Worker 5] [INFO] [353/420] Progress: SHATOJA (211003) -> FETCH SUCCESS
2026-06-07 22:17:40,459 [Worker 5] [INFO] [354/420] Progress: SAPOSOA (210201) -> FETCH SUCCESS
2026-06-07 22:17:42,392 [Worker 5] [INFO] [355/420] Progress: CUÑUMBUQUI (210305) -> FETCH SUCCESS
2026-06-07 22:17:44,992 [Worker 5] [INFO] [356/420] Progress: SHANAO (210311) -> FETCH SUCCESS
2026-06-07 22:17:46,513 [Worker 5] [INFO] [357/420] Progress: JUANJUI (210401) -> FETCH SUCCESS
2026-06-07 22:17:47,849 [Worker 5] [INFO] [358/420] Progress: JEPELACIO (210104) -> FETCH SUCCESS
2026-06-07 22:17:49,879 [Worker 5] [INFO] [359/420] Progress: CASPISAPA (210903) -> FETCH SUCCESS
2026-06-07 22:17:58,673 [Worker 5] [INFO] [360/420] Progress: SAN HILARIÓN (210907) -> FETCH SUCCESS
2026-06-07 22:18:00,934 [Worker 5] [INFO] [361/420] Progress: ELÍAS SOPLÍN VARGAS (210506) -> FETCH SUCCESS
2026-06-07 22:18:03,045 [Worker 5] [INFO] [362/420] Progress: SAN FERNANDO (210507) -> FETCH SUCCESS
2026-06-07 22:18:05,546 [Worker 5] [INFO] [363/420] Progress: CHAZUTA (210606) -> FETCH SUCCESS
2026-06-07 22:18:07,287 [Worker 5] [INFO] [364/420] Progress: LA BANDA DE SHILCAYO (210621) -> FETCH SUCCESS
2026-06-07 22:18:09,339 [Worker 5] [INFO] [366/420] Progress: SHUNTE (210804) -> FETCH SUCCESS
2026-06-07 22:18:11,225 [Worker 5] [INFO] [367/420] Progress: CANDARAVE (220401) -> FETCH SUCCESS
2026-06-07 22:18:17,569 [Worker 5] [INFO] [368/420] Progress: ITE (220302) -> FETCH SUCCESS
2026-06-07 22:18:19,786 [Worker 5] [INFO] [369/420] Progress: CORONEL GREGORIO ALBARRACÍN LANCHIPA (220113) -> FETCH SUCCESS
2026-06-07 22:18:21,727 [Worker 5] [INFO] [370/420] Progress: POCOLLAY (220109) -> FETCH SUCCESS
2026-06-07 22:18:23,774 [Worker 5] [INFO] [371/420] Progress: HÉROES ALBARRACÍN (220205) -> FETCH SUCCESS
2026-06-07 22:18:25,929 [Worker 5] [INFO] [372/420] Progress: TICACO (220213) -> FETCH SUCCESS
2026-06-07 22:18:27,852 [Worker 5] [INFO] [374/420] Progress: AGUAS VERDES (230304) -> FETCH SUCCESS
2026-06-07 22:18:30,021 [Worker 5] [INFO] [375/420] Progress: SEPAHUA (250304) -> FETCH SUCCESS
2026-06-07 22:18:31,966 [Worker 5] [INFO] [376/420] Progress: IPARÍA (250105) -> FETCH SUCCESS
2026-06-07 22:18:34,486 [Worker 5] [INFO] [377/420] Progress: ALEXANDER VON HUMBOLDT (250205) -> FETCH SUCCESS
2026-06-07 22:18:36,133 [Worker 5] [INFO] [378/420] Progress: NESHUYA (250204) -> FETCH SUCCESS
2026-06-07 22:18:38,286 [Worker 5] [INFO] [379/420] Progress: NAIROBI (910401) -> FETCH SUCCESS
2026-06-07 22:18:40,465 [Worker 5] [INFO] [380/420] Progress: BUENOS AIRES (920202) -> FETCH SUCCESS
2026-06-07 22:18:42,459 [Worker 5] [INFO] [381/420] Progress: LA RIOJA (920226) -> FETCH SUCCESS
2026-06-07 22:18:44,265 [Worker 5] [INFO] [382/420] Progress: SAN LUIS (920219) -> FETCH SUCCESS
2026-06-07 22:18:46,282 [Worker 5] [INFO] [383/420] Progress: BRASILIA (920503) -> FETCH SUCCESS
2026-06-07 22:18:47,648 [Worker 5] [INFO] [384/420] Progress: PORTO ALEGRE (920506) -> FETCH SUCCESS
2026-06-07 22:18:49,374 [Worker 5] [INFO] [385/420] Progress: ALBERTA (920608) -> FETCH SUCCESS
2026-06-07 22:18:50,595 [Worker 5] [INFO] [386/420] Progress: WINNIPEG (920605) -> FETCH SUCCESS
2026-06-07 22:18:52,652 [Worker 5] [INFO] [387/420] Progress: IQUIQUE (921005) -> FETCH SUCCESS
2026-06-07 22:18:54,809 [Worker 5] [INFO] [388/420] Progress: BUCARAMANGA (920709) -> FETCH SUCCESS
2026-06-07 22:18:56,995 [Worker 5] [INFO] [389/420] Progress: PASTO (920717) -> FETCH SUCCESS
2026-06-07 22:18:58,712 [Worker 5] [INFO] [390/420] Progress: LOJA (921102) -> FETCH SUCCESS
2026-06-07 22:19:00,806 [Worker 5] [INFO] [391/420] Progress: BOSTON (921303) -> FETCH SUCCESS
2026-06-07 22:19:02,790 [Worker 5] [INFO] [392/420] Progress: HARTFORD (921385) -> FETCH SUCCESS
2026-06-07 22:19:09,445 [Worker 5] [INFO] [393/420] Progress: NUEVA ORLEANS (921318) -> FETCH SUCCESS
2026-06-07 22:19:11,690 [Worker 5] [INFO] [394/420] Progress: SALT LAKE CITY (921374) -> FETCH SUCCESS
2026-06-07 22:19:13,747 [Worker 5] [INFO] [395/420] Progress: WASHINGTON D. C. (921331) -> FETCH SUCCESS
2026-06-07 22:19:15,589 [Worker 5] [INFO] [396/420] Progress: GUADALAJARA (921901) -> FETCH SUCCESS
2026-06-07 22:19:17,257 [Worker 5] [INFO] [397/420] Progress: PANAMÁ (922101) -> FETCH SUCCESS
2026-06-07 22:19:19,388 [Worker 5] [INFO] [398/420] Progress: SANTO DOMINGO (922401) -> FETCH SUCCESS
2026-06-07 22:19:21,272 [Worker 5] [INFO] [399/420] Progress: DOHA (933801) -> FETCH SUCCESS
2026-06-07 22:19:23,064 [Worker 5] [INFO] [400/420] Progress: JAKARTA (931101) -> FETCH SUCCESS
2026-06-07 22:19:32,691 [Worker 5] [INFO] [401/420] Progress: GUNMA (930721) -> FETCH SUCCESS
2026-06-07 22:19:34,806 [Worker 5] [INFO] [402/420] Progress: OKINAWA (930704) -> FETCH SUCCESS
2026-06-07 22:19:36,915 [Worker 5] [INFO] [403/420] Progress: AMMAN (931302) -> FETCH SUCCESS
2026-06-07 22:19:38,629 [Worker 5] [INFO] [404/420] Progress: BEIJING (PEKIN) (930201) -> FETCH SUCCESS
2026-06-07 22:19:41,190 [Worker 5] [INFO] [405/420] Progress: BANGKOK (931001) -> FETCH SUCCESS
2026-06-07 22:19:42,841 [Worker 5] [INFO] [406/420] Progress: BREMEN (940203) -> FETCH SUCCESS
2026-06-07 22:19:45,041 [Worker 5] [INFO] [407/420] Progress: VIENA (940302) -> FETCH SUCCESS
2026-06-07 22:19:46,248 [Worker 5] [INFO] [408/420] Progress: MINSK (943601) -> FETCH SUCCESS
2026-06-07 22:19:47,973 [Worker 5] [INFO] [409/420] Progress: LAS PALMAS (940909) -> FETCH SUCCESS
2026-06-07 22:19:50,203 [Worker 5] [INFO] [410/420] Progress: SALAMANCA (940905) -> FETCH SUCCESS
2026-06-07 22:19:52,249 [Worker 5] [INFO] [411/420] Progress: ZARAGOZA (940917) -> FETCH SUCCESS
2026-06-07 22:19:54,608 [Worker 5] [INFO] [412/420] Progress: MARSELLA (941106) -> FETCH SUCCESS
2026-06-07 22:19:56,871 [Worker 5] [INFO] [413/420] Progress: LUXEMBURGO (942001) -> FETCH SUCCESS
2026-06-07 22:19:59,363 [Worker 5] [INFO] [414/420] Progress: BOLONIA (941701) -> FETCH SUCCESS
2026-06-07 22:20:01,309 [Worker 5] [INFO] [415/420] Progress: MILÁN (941706) -> FETCH SUCCESS
2026-06-07 22:20:02,978 [Worker 5] [INFO] [416/420] Progress: TURÍN (941711) -> FETCH SUCCESS
2026-06-07 22:20:04,946 [Worker 5] [INFO] [417/420] Progress: LISBOA (942502) -> FETCH SUCCESS
2026-06-07 22:20:07,303 [Worker 5] [INFO] [418/420] Progress: MOSCÚ (942901) -> FETCH SUCCESS
2026-06-07 22:20:09,064 [Worker 5] [INFO] [419/420] Progress: GINEBRA (942803) -> FETCH SUCCESS
2026-06-07 22:20:11,276 [Worker 5] [INFO] [420/420] Progress: SÍDNEY (950105) -> FETCH SUCCESS
2026-06-07 22:20:11,277 [Worker 5] [INFO] Atomic update finalized. Data safely committed.
